record_date,tot_pub_debt_out_amt,debt_held_public_amt,intragov_hold_amt
2015-01-02,18080612655244.26,13000209721920.03,5080402933324.23
2015-01-05,18091316381602.62,12999336609259.79,5091979772342.83
2015-01-06,18097814959110.13,12999569410502.08,5098245548608.05
2015-01-07,18098260560760.27,12999091201359.51,5099169359400.76
2015-01-08,18084817920825.53,12981962678994.62,5102855241830.91
2015-01-09,18085826074241.57,12981628166616.11,5104197907625.46
2015-01-12,18086946763085.79,12981011748689.49,5105935014396.3
2015-01-13,18092170790087.37,12980751749798.21,5111419040289.16
2015-01-14,18081478613745.94,12981666559709.4,5099812054036.54
2015-01-15,18079608395519.69,12971949359465.79,5107659036053.9
2015-01-16,18080794482225.47,12971502433051.37,5109292049174.1
2015-01-20,18086048044499.39,12970475453865.57,5115572590633.82
2015-01-21,18083464106854.21,12971143199110.03,5112320907744.18
2015-01-22,18087425445178.53,12970391793262.78,5117033651915.75
2015-01-23,18086335602055.12,12970193212137.56,5116142389917.56
2015-01-26,18087727352703.72,12970484928522.46,5117242424181.26
2015-01-27,18095120088870.92,12970533962395.64,5124586126475.28
2015-01-28,18082591078060.27,12970172927408.44,5112418150651.83
2015-01-29,18085063837781.82,12970704211784.51,5114359625997.31
2015-01-30,18082294157510.2,12984930426312.84,5097363731197.36
2015-02-02,18099042237253.89,13009390741738.74,5089651495515.15
2015-02-03,18098502229899.76,13009360166059.35,5089142063840.41
2015-02-04,18099980277424.32,13010253116961.72,5089727160462.6
2015-02-05,18125876697430.99,13030729516506.65,5095147180924.34
2015-02-06,18124962972729.9,13030502916525.58,5094460056204.32
2015-02-09,18128511342681.14,13030240698387.68,5098270644293.46
2015-02-10,18132368869938.98,13030084686437.05,5102284183501.93
2015-02-11,18120851078035.52,13030765585361.52,5090085492674.0
2015-02-12,18136906268079.51,13044634775705.21,5092271492374.3
2015-02-13,18136847747421.82,13044579279877.51,5092268467544.31
2015-02-17,18122443088634.22,13024634800903.09,5097808287731.13
2015-02-18,18122881555570.98,13025593746420.95,5097287809150.03
2015-02-19,18138459241907.59,13038548288145.09,5099910953762.5
2015-02-20,18140525203303.6,13038401615591.31,5102123587712.29
2015-02-23,18141409083212.36,13037661212728.82,5103747870483.54
2015-02-24,18148105006223.08,13038072925171.88,5110032081051.2
2015-02-25,18133356358144.49,13038635290490.76,5094721067653.73
2015-02-26,18149752816959.6,13052462540018.66,5097290276940.94
2015-02-27,18155853840783.67,13074036284486.1,5081817556297.57
2015-03-02,18153537817364.77,13082175825545.41,5071361991819.36
2015-03-03,18149954531765.07,13083156868369.24,5066797663395.83
2015-03-04,18149661959194.69,13083702031373.27,5065959927821.42
2015-03-05,18147256483854.6,13078024754064.12,5069231729790.48
2015-03-06,18146997769289.23,13077605694201.62,5069392075087.61
2015-03-09,18150077808750.34,13076997087491.91,5073080721258.43
2015-03-10,18155726801056.46,13077001810715.26,5078724990341.2
2015-03-11,18148968934412.1,13077260915498.6,5071708018913.5
2015-03-12,18153816304576.28,13084088914698.28,5069727389878.0
2015-03-13,18152457339107.97,13083879612334.7,5068577726773.27
2015-03-16,18152428120668.55,13105395080630.25,5047033040038.3
2015-03-17,18152418378331.44,13094763118421.11,5057655259910.33
2015-03-18,18152408635055.51,13094247521169.8,5058161113885.71
2015-03-19,18152422064045.46,13091716944130.57,5060705119914.89
2015-03-20,18152412192314.93,13092726568180.16,5059685624134.77
2015-03-23,18152382569585.32,13090617194678.79,5061765374906.53
2015-03-24,18152372692901.05,13084628174408.95,5067744518492.1
2015-03-25,18152362814977.42,13098220411972.32,5054142403005.1
2015-03-26,18152367511357.61,13097651409122.03,5054716102235.58
2015-03-27,18152357604289.34,13100142539623.12,5052215064666.22
2015-03-30,18152327875384.93,13099230739114.56,5053097136270.37
2015-03-31,18152056197489.27,13090399293659.46,5061656903829.81
2015-04-01,18152046284380.77,13104928983917.84,5047117300462.93
2015-04-02,18152122140432.21,13096591645300.69,5055530495131.52
2015-04-03,18152112019695.11,13113626313940.49,5038485705754.62
2015-04-06,18152081649050.21,13108197438919.98,5043884210130.23
2015-04-07,18152071523374.83,13102684021908.58,5049387501466.25
2015-04-08,18152061396456.98,13111934743188.62,5040126653268.36
2015-04-09,18152064358207.58,13101773120249.05,5050291237958.53
2015-04-10,18152054202954.52,13102873615336.91,5049180587617.61
2015-04-13,18152023729666.57,13099675824474.39,5052347905192.18
2015-04-14,18152013569439.51,13092019642745.28,5059993926694.23
2015-04-15,18152003466281.43,13086497608550.03,5065505857731.4
2015-04-16,18152007830734.07,13077338458482.18,5074669372251.89
2015-04-17,18151997679396.05,13074275612443.5,5077722066952.55
2015-04-20,18151967217887.84,13067157477459.81,5084809740428.03
2015-04-21,18151957061585.57,13059556805772.78,5092400255812.79
2015-04-22,18151946904041.66,13066632697202.3,5085314206839.36
2015-04-23,18151949531837.77,13059323003493.55,5092626528344.22
2015-04-24,18151939363157.16,13058105909555.3,5093833453601.86
2015-04-27,18151908849687.15,13054114931939.44,5097793917747.71
2015-04-28,18151898676069.23,13048552679943.3,5103345996125.93
2015-04-29,18151888501207.83,13051327764093.97,5100560737113.86
2015-04-30,18152560126787.71,13053681247951.16,5098878878836.55
2015-05-01,18152549890270.99,13089046291055.14,5063503599215.85
2015-05-04,18152519173098.52,13074525883750.21,5077993289348.31
2015-05-05,18152508931605.44,13065201071307.37,5087307860298.07
2015-05-06,18152498688867.48,13062170168419.76,5090328520447.72
2015-05-07,18152497848547.71,13057150061992.93,5095347786554.78
2015-05-08,18152487619906.99,13053822296429.17,5098665323477.82
2015-05-11,18152456926656.13,13050345826235.33,5102111100420.8
2015-05-12,18152446693102.28,13044246622984.4,5108200070117.88
2015-05-13,18152436458301.62,13056626203779.8,5095810254521.82
2015-05-14,18152438060107.24,13053904468377.74,5098533591729.5
2015-05-15,18152427930102.27,13053015786106.84,5099412143995.43
2015-05-18,18152397532696.23,13049631800802.71,5102765731893.52
2015-05-19,18152387397784.08,13039918475898.2,5112468921885.88
2015-05-20,18152377261644.63,13051237240105.37,5101140021539.26
2015-05-21,18152378180209.21,13049374221359.7,5103003958849.51
2015-05-22,18152368037290.2,13050072311592.3,5102295725697.9
2015-05-26,18152327453268.84,13046317217130.13,5106010236138.71
2015-05-27,18152317304208.14,13052474807984.08,5099842496224.06
2015-05-28,18152383244725.26,13054660216223.92,5097723028501.34
2015-05-29,18152851678150.27,13052706400435.71,5100145277714.56
2015-06-01,18152841401259.2,13073584911431.81,5079256489827.39
2015-06-02,18152831123420.51,13065960233573.26,5086870889847.25
2015-06-03,18152821344452.95,13082576979779.36,5070244364673.59
2015-06-04,18152820259005.52,13078728371165.51,5074091887840.01
2015-06-05,18152809942589.13,13080153579943.09,5072656362646.04
2015-06-08,18152778985959.44,13074878498154.85,5077900487804.59
2015-06-09,18152768664619.57,13068813694428.96,5083954970190.61
2015-06-10,18152758342047.24,13085347675829.57,5067410666217.67
2015-06-11,18152758771144.62,13082372210333.78,5070386560810.84
2015-06-12,18152748464829.1,13081822659047.83,5070925805781.27
2015-06-15,18152717537302.13,13075184730750.02,5077532806552.11
2015-06-16,18152707189859.83,13067386378869.63,5085320810990.2
2015-06-17,18152696919060.4,13073549270080.04,5079147648980.36
2015-06-18,18152699387458.77,13071246580389.14,5081452807069.63
2015-06-19,18152689167905.61,13072139149495.41,5080550018410.2
2015-06-22,18152658501837.3,13068330291043.1,5084328210794.2
2015-06-23,18152648277344.06,13059539444741.46,5093108832602.6
2015-06-24,18152638051615.33,13071202015971.2,5081436035644.13
2015-06-25,18152711443291.54,13071940516188.51,5080770927103.03
2015-06-26,18152701159226.79,13070831248598.68,5081869910628.11
2015-06-29,18152670293644.04,13070835567569.1,5081834726074.94
2015-06-30,18151997510872.44,13076414145360.92,5075583365511.52
2015-07-01,18151987220640.45,13093667026168.65,5058320194471.8
2015-07-02,18151991536019.17,13105898581879.78,5046092954139.39
2015-07-03,18151981262337.43,13103184582267.1,5048796680070.33
2015-07-06,18151950433860.76,13100955100946.92,5050995332913.84
2015-07-07,18151940155226.04,13093649507594.19,5058290647631.85
2015-07-08,18151929875352.39,13106285116932.19,5045644758420.2
2015-07-09,18151931284495.35,13102609587775.3,5049321696720.05
2015-07-10,18151921010337.51,13103633276571.42,5048287733766.09
2015-07-13,18151890180391.62,13101244630602.75,5050645549788.87
2015-07-14,18151879901274.2,13096917225302.25,5054962675971.95
2015-07-15,18151869674750.53,13106538137492.73,5045331537257.8
2015-07-16,18151873074142.99,13099068443428.11,5052804630714.88
2015-07-17,18151862792175.02,13097201084427.49,5054661707747.53
2015-07-20,18151831938889.04,13094422094681.41,5057409844207.63
2015-07-21,18151821652004.79,13088911494580.77,5062910157424.02
2015-07-22,18151811363890.79,13101056937267.15,5050754426623.64
2015-07-23,18151903780340.35,13099775103936.93,5052128676403.42
2015-07-24,18151893254765.19,13099949355959.15,5051943898806.04
2015-07-27,18151861669505.08,13097955837031.68,5053905832473.4
2015-07-28,18151851139012.51,13093853244381.79,5057997894630.72
2015-07-29,18151840607288.77,13094609838371.0,5057230768917.77
2015-07-30,18151852256637.31,13115033380950.88,5036818875686.43
2015-07-31,18151322549156.91,13135044925569.77,5016277623587.14
2015-08-03,18151290609956.23,13154209400019.46,4997081209936.77
2015-08-04,18151279961119.7,13139874835202.68,5011405125917.02
2015-08-05,18151269311050.42,13139218828457.06,5012050482593.36
2015-08-06,18151284784984.56,13133310082594.54,5017974702390.02
2015-08-07,18151273990514.8,13133917545021.19,5017356445493.61
2015-08-10,18151241599502.7,13120923476208.14,5030318123294.56
2015-08-11,18151230800098.7,13116188517613.19,5035042282485.51
2015-08-12,18151220988961.42,13127953438656.44,5023267550304.98
2015-08-13,18151248999672.85,13126117137797.41,5025131861875.44
2015-08-14,18151237942000.82,13127739184967.56,5023498757033.26
2015-08-17,18151204858128.58,13121719838466.16,5029485019662.42
2015-08-18,18151193827731.52,13111296158206.28,5039897669525.24
2015-08-19,18151182796107.65,13123745242326.97,5027437553780.68
2015-08-20,18151300217506.79,13121300877988.9,5029999339517.89
2015-08-21,18151288807268.17,13121106396171.02,5030182411097.15
2015-08-24,18151254619016.77,13120265804888.47,5030988814128.3
2015-08-25,18151243220485.43,13113153427126.34,5038089793359.09
2015-08-26,18151231820725.7,13125515111652.35,5025716709073.35
2015-08-27,18151249152738.76,13123916829780.28,5027332322958.48
2015-08-28,18151237646318.35,13128201306874.34,5023036339444.01
2015-08-31,18151150179588.05,13119752728787.69,5031397450800.36
2015-09-01,18151139449629.01,13142936626767.41,5008202822861.6
2015-09-02,18151127937093.02,13142894367690.52,5008233569402.5
2015-09-03,18151154955297.86,13151760226057.49,4999394729240.37
2015-09-04,18151143313299.53,13151650022710.08,4999493290589.45
2015-09-08,18151096731763.19,13147386947141.12,5003709784622.07
2015-09-09,18151085083623.06,13156227791522.28,4994857292100.78
2015-09-10,18151108522784.29,13156747896787.23,4994360625997.06
2015-09-11,18151096777894.92,13156926922920.93,4994169854973.99
2015-09-14,18151061535754.5,13154778791419.46,4996282744335.04
2015-09-15,18151049785935.02,13145076989528.87,5005972796406.15
2015-09-16,18151038086972.1,13153191937997.75,4997846148974.35
2015-09-17,18151144349685.38,13145637357001.96,5005506992683.42
2015-09-18,18151132467967.52,13146512352217.29,5004620115750.23
2015-09-21,18151096814879.09,13143438634417.47,5007658180461.62
2015-09-22,18151084928227.59,13136259739613.25,5014825188614.34
2015-09-23,18151073040341.31,13144928446669.82,5006144593671.49
2015-09-24,18151073031331.5,13140301918135.7,5010771113195.8
2015-09-25,18151061200913.26,13142591572511.28,5008469628401.98
2015-09-28,18151025702418.99,13142733278888.42,5008292423530.57
2015-09-29,18151013867116.33,13138658741846.86,5012355125269.47
2015-09-30,18150617666484.33,13123847198347.81,5026770468136.52
2015-10-01,18150616066342.53,13059264833999.48,5091351232343.05
2015-10-02,18150604277750.63,13061410753542.45,5089193524208.18
2015-10-05,18150568904537.03,13059966819672.47,5090602084864.56
2015-10-06,18150557110995.0,13059818124107.95,5090738986887.05
2015-10-07,18150545316215.04,13059972998831.49,5090572317383.55
2015-10-08,18150540421127.53,13046699068111.43,5103841353016.1
2015-10-09,18150528663452.99,13046779512150.54,5103749151302.45
2015-10-13,18150481620363.39,13046512400965.87,5103969219397.52
2015-10-14,18150469856492.42,13046422729078.47,5104047127413.95
2015-10-15,18152716828322.01,13043845333621.67,5108871494700.34
2015-10-16,18152705110034.31,13040435842277.73,5112269267756.58
2015-10-19,18152669947434.69,13034959796581.34,5117710150853.35
2015-10-20,18152658224184.62,13033810616384.2,5118847607800.42
2015-10-21,18152646499693.22,13042775790010.03,5109870709683.19
2015-10-22,18152650688229.1,13034691804236.86,5117958883992.24
2015-10-23,18152638934294.38,13035394315866.2,5117244618428.18
2015-10-26,18152603664891.43,13034076380906.65,5118527283984.78
2015-10-27,18152591905989.84,13027842933558.68,5124748972431.16
2015-10-28,18152580145845.23,13042008093200.37,5110572052644.86
2015-10-29,18152590112385.69,13040947458750.57,5111642653635.12
2015-10-30,18152981685747.52,13060656874967.53,5092324810779.99
2015-11-02,18492091120833.99,13259598054673.03,5232493066160.96
2015-11-03,18532338091711.48,13304633454176.57,5227704637534.91
2015-11-04,18532854382821.74,13304149781522.19,5228704601299.55
2015-11-05,18609800070328.73,13378296644134.99,5231503426193.74
2015-11-06,18609854385435.22,13378216906933.97,5231637478501.25
2015-11-09,18614769216712.84,13377810384459.45,5236958832253.39
2015-11-10,18605392428942.18,13378011403562.54,5227381025379.64
2015-11-12,18649024795838.78,13422684032364.47,5226340763474.31
2015-11-13,18653507360573.44,13422581915969.67,5230925444603.77
2015-11-16,18660490153278.25,13425314364061.11,5235175789217.14
2015-11-17,18670014021513.75,13425228384871.25,5244785636642.5
2015-11-18,18658332270181.33,13425424978902.16,5232907291279.17
2015-11-19,18718208593840.77,13486033195851.99,5232175397988.78
2015-11-20,18720800091471.32,13487491924393.72,5233308167077.6
2015-11-23,18722746583118.03,13487562419580.15,5235184163537.88
2015-11-24,18730245227214.29,13488216384736.74,5242028842477.55
2015-11-25,18719613274893.51,13488002707948.97,5231610566944.54
2015-11-27,18782451267806.04,13551155021821.4,5231296245984.64
2015-11-30,18827322966908.8,13588988502149.66,5238334464759.14
2015-12-01,18797839523342.27,13586014412847.41,5211825110494.86
2015-12-02,18802739156430.97,13586471303909.62,5216267852521.35
2015-12-03,18787992446946.88,13587977599025.48,5200014847921.4
2015-12-04,18786830545682.6,13587797506751.03,5199033038931.57
2015-12-07,18789199596566.93,13586975169238.57,5202224427328.36
2015-12-08,18789064366804.18,13587661849538.93,5201402517265.25
2015-12-09,18775084981439.86,13587275912419.47,5187809069020.39
2015-12-10,18762069058578.88,13576378743374.78,5185690315204.1
2015-12-11,18764921984881.44,13576192961286.02,5188729023595.42
2015-12-14,18767636190409.94,13576054852654.28,5191581337755.66
2015-12-15,18798211680628.12,13600642541480.78,5197569139147.34
2015-12-16,18788138221346.49,13600726418253.26,5187411803093.23
2015-12-17,18796279678290.28,13602386767303.28,5193892910987.0
2015-12-18,18795033928275.59,13602300646235.06,5192733282040.53
2015-12-21,18798201511452.04,13602156263369.48,5196045248082.56
2015-12-22,18807362192458.66,13602990562150.21,5204371630308.45
2015-12-23,18795265446286.58,13603158968085.03,5192106478201.55
2015-12-24,18802880491536.0,13608106425390.39,5194774066145.61
2015-12-28,18818691266108.11,13621291360268.39,5197399905839.72
2015-12-29,18824106833961.88,13621994782159.41,5202112051802.47
2015-12-30,18825061664535.94,13622733037489.74,5202328627046.2
2015-12-31,18922179009420.89,13672522257291.59,5249656752129.3
2016-01-04,18900932690017.04,13669500801836.0,5231431888181.04
2016-01-05,18918445650584.7,13670583998983.56,5247861651601.14
2016-01-06,18918380217573.17,13670031542154.47,5248348675418.7
2016-01-07,18887876761105.13,13634966776002.99,5252909985102.14
2016-01-08,18888640000429.69,13635120704335.12,5253519296094.57
2016-01-11,18891869602125.16,13634547255405.73,5257322346719.43
2016-01-12,18897682225587.89,13634464144154.11,5263218081433.78
2016-01-13,18955778615041.19,13634512503358.73,5321266111682.46
2016-01-14,18923558492862.95,13599643378868.76,5323915113994.19
2016-01-15,18934589767234.96,13604857512453.96,5329732254781.0
2016-01-19,18940640177236.59,13604762255405.85,5335877921830.74
2016-01-20,18941406899252.15,13605230659952.67,5336176239299.48
2016-01-21,18958837318233.62,13618066597558.58,5340770720675.04
2016-01-22,18961637973066.42,13618136618476.23,5343501354590.19
2016-01-25,18961968091511.19,13618253426312.79,5343714665198.4
2016-01-26,18968344511857.01,13619378881180.03,5348965630676.98
2016-01-27,18962589775045.41,13619208132785.04,5343381642260.37
2016-01-28,18989803014663.7,13642412570724.01,5347390443939.69
2016-01-29,19012827698417.93,13657155197715.49,5355672500702.44
2016-02-01,18975719827131.21,13653630057225.21,5322089769906.0
2016-02-02,18992299007716.94,13654222787946.98,5338076219769.96
2016-02-03,18975193925522.52,13653956489223.94,5321237436298.58
2016-02-04,18996686873180.04,13671782218330.37,5324904654849.67
2016-02-05,18996371521571.14,13671684875335.5,5324686646235.64
2016-02-08,19000235912585.65,13671178906023.67,5329057006561.98
2016-02-09,19005359240744.6,13671232160077.74,5334127080666.86
2016-02-10,18991325677268.42,13671218359914.17,5320107317354.25
2016-02-11,19016261934962.89,13694655697342.99,5321606237619.9
2016-02-12,19016524950018.52,13694790546876.44,5321734403142.08
2016-02-16,19030024473090.85,13701820560778.22,5328203912312.63
2016-02-17,19028997194318.47,13702339267283.23,5326657927035.24
2016-02-18,19047126605778.92,13720658078374.81,5326468527404.11
2016-02-19,19052403868282.85,13720729097544.08,5331674770738.77
2016-02-22,19053381143534.21,13720101519614.18,5333279623920.03
2016-02-23,19064879099682.52,13720282411468.74,5344596688213.78
2016-02-24,19054164528762.98,13720777763924.45,5333386764838.53
2016-02-25,19070657293114.53,13737072912714.09,5333584380400.44
2016-02-26,19080123823020.74,13750549019635.94,5329574803384.8
2016-02-29,19125455057425.8,13785189234310.03,5340265823115.77
2016-03-01,19090880799021.63,13783341136899.4,5307539662122.23
2016-03-02,19097521671148.84,13783164052201.82,5314357618947.02
2016-03-03,19093150844906.08,13793876317467.66,5299274527438.42
2016-03-04,19093496023754.46,13793877476968.26,5299618546786.2
2016-03-07,19097825627603.0,13794825373810.91,5303000253792.09
2016-03-08,19112876896495.0,13794796393618.38,5318080502876.62
2016-03-09,19100184217930.48,13795114157260.35,5305070060670.13
2016-03-10,19125325175994.32,13818925974888.58,5306399201105.74
2016-03-11,19124286688944.6,13818958324247.05,5305328364697.55
2016-03-14,19128719568343.76,13819745871572.94,5308973696770.82
2016-03-15,19161874528616.47,13844438377169.2,5317436151447.27
2016-03-16,19151399412549.77,13844765451215.03,5306633961334.74
2016-03-17,19188228962810.34,13872097560385.71,5316131402424.63
2016-03-18,19202994410080.31,13871715373933.77,5331279036146.54
2016-03-21,19205597413856.96,13871782006104.2,5333815407752.76
2016-03-22,19211342727724.78,13872009421931.58,5339333305793.2
2016-03-23,19200599665938.77,13872276441179.46,5328323224759.31
2016-03-24,19211664593324.31,13886696188689.0,5324968404635.31
2016-03-25,19214929969878.51,13886715760755.82,5328214209122.69
2016-03-28,19230095073592.91,13899569851514.06,5330525222078.85
2016-03-29,19235698467028.83,13900261820356.47,5335436646672.36
2016-03-30,19232950841710.63,13899646119102.65,5333304722607.98
2016-03-31,19264938619643.07,13924877638956.82,5340060980686.25
2016-04-01,19218516838306.52,13921673703892.95,5296843134413.57
2016-04-04,19228044093705.08,13922033791553.02,5306010302152.06
2016-04-05,19237067126145.04,13923114547255.61,5313952578889.43
2016-04-06,19238908031871.91,13923977279618.33,5314930752253.58
2016-04-07,19221206331589.08,13902918963337.5,5318287368251.58
2016-04-08,19223197501336.14,13903107629266.31,5320089872069.83
2016-04-11,19226226489207.18,13902453360206.34,5323773129000.84
2016-04-12,19234006195713.79,13903091705802.65,5330914489911.14
2016-04-13,19221297840432.89,13902493929894.77,5318803910538.12
2016-04-14,19203187186595.43,13881973672007.08,5321213514588.35
2016-04-15,19203643099493.25,13865458837943.97,5338184261549.28
2016-04-18,19208277938656.01,13865650276466.53,5342627662189.48
2016-04-19,19221832717891.35,13865811067577.7,5356021650313.65
2016-04-20,19215679607589.41,13868107646514.44,5347571961074.97
2016-04-21,19196769313019.68,13844262090045.92,5352507222973.76
2016-04-22,19198172774532.79,13844359336199.21,5353813438333.58
2016-04-25,19210345265252.22,13844294219855.9,5366051045396.32
2016-04-26,19218673186359.42,13844839299710.01,5373833886649.41
2016-04-27,19209405161325.67,13845665596589.54,5363739564736.13
2016-04-28,19186207744589.55,13824358558677.99,5361849185911.56
2016-04-29,19187387483983.37,13841194733299.04,5346192750684.33
2016-05-02,19170001895674.07,13831186086753.0,5338815808921.07
2016-05-03,19171815928698.82,13831649186160.54,5340166742538.28
2016-05-04,19186655441721.69,13832249482501.8,5354405959219.89
2016-05-05,19188102413248.81,13826922037351.38,5361180375897.43
2016-05-06,19190059553782.2,13827049077929.95,5363010475852.25
2016-05-09,19197497243132.16,13827271401286.52,5370225841845.64
2016-05-10,19204514007221.38,13828504187211.56,5376009820009.82
2016-05-11,19193401105901.94,13829327651951.17,5364073453950.77
2016-05-12,19200169433825.24,13832796757097.89,5367372676727.35
2016-05-13,19199894125074.04,13832771542260.87,5367122582813.17
2016-05-16,19206980431910.03,13835035097988.32,5371945333921.71
2016-05-17,19218044952594.27,13836047408670.43,5381997543923.84
2016-05-18,19206517044303.54,13836955706806.2,5369561337497.34
2016-05-19,19212451626242.62,13840100471987.98,5372351154254.64
2016-05-20,19209816164726.68,13840180848558.46,5369635316168.22
2016-05-23,19212492715543.24,13840721563957.81,5371771151585.43
2016-05-24,19223047535897.31,13841341118883.61,5381706417013.7
2016-05-25,19214128824849.92,13842104598265.32,5372024226584.6
2016-05-26,19216137840436.13,13842705623645.23,5373432216790.9
2016-05-27,19226417790338.55,13857303233304.4,5369114557034.15
2016-05-31,19265451572330.71,13886302639366.64,5379148932964.07
2016-06-01,19230634229069.55,13884271413600.06,5346362815469.49
2016-06-02,19229279536521.72,13879179733194.06,5350099803327.66
2016-06-03,19214514064181.2,13879563394668.94,5334950669512.26
2016-06-06,19220484557364.6,13881076487922.93,5339408069441.67
2016-06-07,19228398127636.98,13882389647822.63,5346008479814.35
2016-06-08,19230270048404.99,13882696862769.28,5347573185635.71
2016-06-09,19219465874275.48,13872590394995.13,5346875479280.35
2016-06-10,19218850296387.2,13872874580832.05,5345975715555.15
2016-06-13,19222275711902.53,13873341819170.75,5348933892731.78
2016-06-14,19230063635793.43,13874220888084.89,5355842747708.54
2016-06-15,19245574495391.72,13897065420512.81,5348509074878.91
2016-06-16,19248244178321.02,13893504442447.52,5354739735873.5
2016-06-17,19252984535317.64,13893769274914.75,5359215260402.89
2016-06-20,19256656157468.52,13894074623030.64,5362581534437.88
2016-06-21,19265744770778.65,13894846561608.64,5370898209170.01
2016-06-22,19252431295170.04,13895631577508.77,5356799717661.27
2016-06-23,19259812422016.47,13894409014830.66,5365403407185.81
2016-06-24,19277937823462.93,13907928859330.16,5370008964132.77
2016-06-27,19279322871098.41,13908843210989.37,5370479660109.04
2016-06-28,19284399792310.79,13909012385423.09,5375387406887.7
2016-06-29,19283325598353.52,13909292651119.25,5374032947234.27
2016-06-30,19381591140792.22,13932742716540.43,5448848424251.79
2016-07-01,19316931693227.11,13926087733606.91,5390843959620.2
2016-07-05,19327746021669.98,13927226195666.63,5400519826003.35
2016-07-06,19343541768823.97,13928111158819.55,5415430610004.42
2016-07-07,19360176741617.54,13943997925113.24,5416178816504.3
2016-07-08,19362032846861.9,13944032231761.83,5418000615100.07
2016-07-11,19366974554360.5,13944568567954.31,5422405986406.19
2016-07-12,19372930080447.35,13946038729573.82,5426891350873.53
2016-07-13,19361289088131.56,13946771662050.04,5414517426081.52
2016-07-14,19380590048237.64,13964143295474.84,5416446752762.8
2016-07-15,19386059979169.78,13967595692022.47,5418464287147.31
2016-07-18,19391094247028.26,13968266192239.85,5422828054788.41
2016-07-19,19402361890929.46,13968795835121.13,5433566055808.33
2016-07-20,19391704027667.12,13969332927969.84,5422371099697.28
2016-07-21,19400566867618.92,13974805286247.23,5425761581371.69
2016-07-22,19400333651023.48,13974919498763.57,5425414152259.91
2016-07-25,19407186678584.22,13975247201536.73,5431939477047.49
2016-07-26,19415128807132.94,13975894544370.14,5439234262762.8
2016-07-27,19402906386524.25,13976589446058.2,5426316940466.05
2016-07-28,19412286582301.91,13986166190456.24,5426120391845.67
2016-07-29,19427694579786.64,13998219609725.92,5429474970060.72
2016-08-01,19358707115589.0,13968476305648.08,5390230809940.92
2016-08-02,19374216793141.43,13969823326778.88,5404393466362.55
2016-08-03,19359342005838.4,13970207094318.46,5389134911519.94
2016-08-04,19379566441022.18,13986683206821.85,5392883234200.33
2016-08-05,19380142516035.42,13986844932465.79,5393297583569.63
2016-08-08,19385571696962.5,13987042213587.4,5398529483375.1
2016-08-09,19390746423154.18,13987508744204.79,5403237678949.39
2016-08-10,19377642119796.72,13987862462404.79,5389779657391.93
2016-08-11,19404383126105.06,14012831105933.15,5391552020171.91
2016-08-12,19403004579982.84,14012909909536.53,5390094670446.31
2016-08-15,19420158030582.0,14024110783052.61,5396047247529.39
2016-08-16,19428079384183.27,14024870957806.76,5403208426376.51
2016-08-17,19421791184792.65,14026423968194.02,5395367216598.63
2016-08-18,19445100633520.18,14047674908173.97,5397425725346.21
2016-08-19,19443266164413.41,14047725717202.02,5395540447211.39
2016-08-22,19446002493012.82,14048083035091.28,5397919457921.54
2016-08-23,19454944368305.99,14048514797360.74,5406429570945.25
2016-08-24,19442913162409.14,14049850823623.81,5393062338785.33
2016-08-25,19472203761101.76,14074662602379.91,5397541158721.85
2016-08-26,19483788594328.27,14087752772423.12,5396035821905.15
2016-08-29,19486203862406.11,14087948246835.23,5398255615570.88
2016-08-30,19492084009780.39,14088908634084.36,5403175375696.03
2016-08-31,19510296242765.66,14104113716888.75,5406182525876.91
2016-09-01,19481571141221.67,14109650363020.9,5371920778200.77
2016-09-02,19470383603813.73,14110181429589.28,5360202174224.45
2016-09-06,19473941446098.32,14109707852390.37,5364233593707.95
2016-09-07,19479491484659.13,14111278792640.16,5368212692018.97
2016-09-08,19482086271333.82,14112595306798.4,5369490964535.42
2016-09-09,19482694389006.5,14112568886679.61,5370125502326.89
2016-09-12,19484660626765.52,14111755978422.8,5372904648342.72
2016-09-13,19493291113807.77,14113612927226.45,5379678186581.32
2016-09-14,19480514004421.76,14113613459659.2,5366900544762.56
2016-09-15,19508241572025.55,14134189871715.58,5374051700309.97
2016-09-16,19510910825630.7,14134070557269.95,5376840268360.75
2016-09-19,19518125575008.41,14133906537110.2,5384219037898.21
2016-09-20,19524335895543.03,14134013581265.37,5390322314277.66
2016-09-21,19517456954252.41,14135524440618.49,5381932513633.92
2016-09-22,19519471076568.72,14133281357263.35,5386189719305.37
2016-09-23,19524762977719.62,14133690092042.8,5391072885676.82
2016-09-26,19529588502748.67,14133540381801.8,5396048120946.87
2016-09-27,19536854516281.71,14133914249908.12,5402940266373.59
2016-09-28,19519932367847.28,14134459589754.46,5385472778092.82
2016-09-29,19532890233853.17,14148919195185.48,5383971038667.69
2016-09-30,19573444713936.79,14173423516895.82,5400021197040.97
2016-10-03,19642949742561.51,14169562468883.59,5473387273677.92
2016-10-04,19659460647160.83,14170607259402.13,5488853387758.7
2016-10-05,19663411497797.4,14170897492757.91,5492514005039.49
2016-10-06,19688773606117.54,14191998688412.48,5496774917705.06
2016-10-07,19687424480959.14,14192019528044.5,5495404952914.64
2016-10-11,19694316597212.14,14191727340124.7,5502589257087.44
2016-10-12,19688681856198.07,14192469293335.61,5496212562862.46
2016-10-13,19720830822303.49,14225008508056.12,5495822314247.37
2016-10-14,19721618557803.77,14224929303468.67,5496689254335.1
2016-10-17,19755564017152.97,14250368582399.09,5505195434753.88
2016-10-18,19766580028249.41,14250776102656.2,5515803925593.21
2016-10-19,19754257061882.16,14251115177983.21,5503141883898.95
2016-10-20,19785585189878.12,14280302905411.9,5505282284466.22
2016-10-21,19786440755303.8,14280596088761.43,5505844666542.37
2016-10-24,19788020688520.53,14280600879535.61,5507419808984.92
2016-10-25,19808504852207.21,14281263358831.04,5527241493376.17
2016-10-26,19795497461281.62,14282026426872.79,5513471034408.83
2016-10-27,19824868242412.09,14310094761549.55,5514773480862.54
2016-10-28,19820509238591.49,14309982958438.22,5510526280153.27
2016-10-31,19805715214641.75,14286500538390.57,5519214676251.18
2016-11-01,19760054127045.83,14284843453012.6,5475210674033.23
2016-11-02,19769621678552.72,14287092579497.98,5482529099054.74
2016-11-03,19790136330003.19,14320172405570.4,5469963924432.79
2016-11-04,19790767232311.94,14321488687553.88,5469278544758.06
2016-11-07,19796589500776.08,14322368992722.54,5474220508053.54
2016-11-08,19806239858606.04,14323406201380.96,5482833657225.08
2016-11-09,19793697162303.82,14324109031573.47,5469588130730.35
2016-11-10,19840574291147.01,14371392856952.46,5469181434194.55
2016-11-14,19842173949869.58,14370898566705.93,5471275383163.65
2016-11-15,19867119032053.28,14371170566083.79,5495948465969.49
2016-11-16,19857827860685.61,14372638397082.72,5485189463602.89
2016-11-17,19897150970886.87,14406421117922.46,5490729852964.41
2016-11-18,19895970356079.03,14406543875848.2,5489426480230.83
2016-11-21,19899004081493.5,14406490862702.8,5492513218790.7
2016-11-22,19907540739514.52,14407162989714.94,5500377749799.58
2016-11-23,19897994347700.5,14407388206277.32,5490606141423.18
2016-11-25,19928118193162.55,14431144367664.73,5496973825497.82
2016-11-28,19929184161352.13,14431113155629.56,5498071005722.57
2016-11-29,19930698649977.45,14431428071395.58,5499270578581.87
2016-11-30,19948064697245.75,14443700147858.19,5504364549387.56
2016-12-01,19901545151126.51,14426957828535.53,5474587322590.98
2016-12-02,19881223023152.88,14424638938310.63,5456584084842.25
2016-12-05,19885572935868.37,14424537793530.47,5461035142337.9
2016-12-06,19892366528061.22,14425239059062.72,5467127468998.5
2016-12-07,19891173384830.04,14425439263432.22,5465734121397.82
2016-12-08,19877418396481.66,14407909129685.78,5469509266795.88
2016-12-09,19876373398959.37,14408013134960.76,5468360263998.61
2016-12-12,19878727122829.69,14407877626550.08,5470849496279.61
2016-12-13,19884323271403.23,14407841909496.49,5476481361906.74
2016-12-14,19871457952087.79,14408092406140.23,5463365545947.56
2016-12-15,19875320486024.59,14409959585673.04,5465360900351.55
2016-12-16,19876036342624.52,14409753863289.26,5466282479335.26
2016-12-19,19882663760136.69,14409250945481.66,5473412814655.03
2016-12-20,19889592850494.74,14409700513496.22,5479892336998.52
2016-12-21,19878280893331.72,14410280815369.15,5468000077962.57
2016-12-22,19877449679259.48,14406888441829.63,5470561237429.85
2016-12-23,19887188017177.11,14406979396410.11,5480208620767.0
2016-12-27,19890699605286.53,14406465216858.38,5484234388428.15
2016-12-28,19879389298528.93,14405852979844.42,5473536318684.51
2016-12-29,19879151754933.53,14407586835524.92,5471564919408.61
2016-12-30,19976826951047.8,14434841520928.37,5541985430119.43
2017-01-03,19935025589392.85,14433863346613.25,5501162242779.6
2017-01-04,19952414234340.71,14434184134456.6,5518230099884.11
2017-01-05,19948472988335.19,14428038035922.01,5520434952413.18
2017-01-06,19952808638850.59,14427907445498.86,5524901193351.73
2017-01-09,19955343885377.73,14428006472982.21,5527337412395.52
2017-01-10,19964268875957.61,14428296339850.48,5535972536107.13
2017-01-11,19951756200280.98,14428237129034.48,5523519071246.5
2017-01-12,19941807383847.05,14416901419767.1,5524905964079.95
2017-01-13,19940614376504.4,14416524945353.95,5524089431150.45
2017-01-17,19959954817351.65,14423556565883.12,5536398251468.53
2017-01-18,19961467137973.64,14423937840025.61,5537529297948.03
2017-01-19,19944429217106.77,14403768885198.2,5540660331908.57
2017-01-20,19947304555212.49,14403704176388.94,5543600378823.55
2017-01-23,19949678366998.0,14403351740088.47,5546326626909.53
2017-01-24,19958089555359.83,14403553860564.25,5554535694795.58
2017-01-25,19950603242667.53,14403832990025.55,5546770252641.98
2017-01-26,19939908790870.48,14387199090397.24,5552709700473.24
2017-01-27,19939019834828.89,14387267502732.51,5551752332096.38
2017-01-30,19939760263983.42,14387073315008.16,5552686948975.26
2017-01-31,19937261314503.29,14376138803534.81,5561122510968.48
2017-02-01,19900037472787.26,14376018549508.21,5524018923279.05
2017-02-02,19902827463569.1,14366132157960.8,5536695305608.3
2017-02-03,19885875150544.45,14365217667097.67,5520657483446.78
2017-02-06,19890330215216.52,14365258270382.27,5525071944834.25
2017-02-07,19895763669170.06,14365365821333.09,5530397847836.97
2017-02-08,19884606221456.19,14366065663550.1,5518540557906.09
2017-02-09,19922335630306.69,14402429500385.19,5519906129921.5
2017-02-10,19921065289061.68,14402525665272.86,5518539623788.82
2017-02-13,19924218517074.52,14402458044486.83,5521760472587.69
2017-02-14,19932679233716.16,14404012711812.97,5528666521903.19
2017-02-15,19937364595503.01,14417333314382.25,5520031281120.76
2017-02-16,19926581166878.36,14403392566439.4,5523188600438.96
2017-02-17,19932504874101.46,14403413744145.8,5529091129955.66
2017-02-21,19935316186835.78,14403610733597.23,5531705453238.55
2017-02-22,19935880851981.06,14404723995058.93,5531156856922.13
2017-02-23,19913901120188.15,14384082361381.86,5529818758806.29
2017-02-24,19930147891686.72,14396803784290.78,5533344107395.94
2017-02-27,19931228821002.78,14396788892014.2,5534439928988.58
2017-02-28,19959593604841.58,14411380938688.54,5548212666153.04
2017-03-01,19920418771289.27,14408362699940.62,5512056071348.65
2017-03-02,19894958569032.98,14373460119836.74,5521498449196.24
2017-03-03,19878476676904.64,14373224948688.41,5505251728216.23
2017-03-06,19883012984069.89,14373651850329.11,5509361133740.78
2017-03-07,19889862451192.35,14374138485372.61,5515723965819.74
2017-03-08,19879149018877.55,14374899634591.87,5504249384285.68
2017-03-09,19855676540211.34,14349788968701.19,5505887571510.15
2017-03-10,19853618720466.05,14349130368996.16,5504488351469.89
2017-03-13,19858033799549.96,14349636414694.8,5508397384855.16
2017-03-14,19902604401637.92,14384776077277.45,5517828324360.47
2017-03-15,19845811298014.03,14340716246080.94,5505095051933.09
2017-03-16,19846045559411.81,14363679289379.4,5482366270032.41
2017-03-17,19846009616285.34,14357102037200.53,5488907579084.81
2017-03-20,19845901777612.08,14355174465938.39,5490727311673.69
2017-03-21,19845865829114.05,14349928333763.56,5495937495350.49
2017-03-22,19845829879261.96,14362886120201.04,5482943759060.92
2017-03-23,19846049205261.81,14359345780600.2,5486703424661.61
2017-03-24,19846011928285.06,14360457683885.53,5485554244399.53
2017-03-27,19845900078837.07,14353360563586.92,5492539515250.15
2017-03-28,19845862796665.15,14347300479594.63,5498562317070.52
2017-03-29,19845825513137.1,14349734630200.93,5496090882936.17
2017-03-30,19846255248406.68,14348506968480.86,5497748279925.82
2017-03-31,19846420062676.87,14369681939302.91,5476738123373.96
2017-04-03,19846423785551.51,14379418282538.66,5467005503012.85
2017-04-04,19846142407188.85,14362461715977.51,5483680691211.34
2017-04-05,19846103311307.75,14362396997607.89,5483706313699.86
2017-04-06,19846326429133.82,14357828119755.52,5488498309378.3
2017-04-07,19846285707214.17,14358379294025.94,5487906413188.23
2017-04-10,19846163529210.99,14351473062572.57,5494690466638.42
2017-04-11,19846122820560.47,14343844236238.31,5502278584322.16
2017-04-12,19846082091559.77,14355665390586.46,5490416700973.31
2017-04-13,19846313677094.44,14353022352234.99,5493291324859.45
2017-04-14,19846272172776.67,14352103173495.88,5494168999280.79
2017-04-17,19846147684611.12,14330766160568.75,5515381524042.37
2017-04-18,19846106186190.44,14324046743134.43,5522059443056.01
2017-04-19,19846064686422.9,14323623827289.64,5522440859133.26
2017-04-20,19846293677437.8,14319510296937.08,5526783380500.72
2017-04-21,19846252141589.26,14316448297578.41,5529803844010.85
2017-04-24,19846127520117.48,14304727434255.0,5541400085862.48
2017-04-25,19846085978995.66,14294148093981.59,5551937885014.07
2017-04-26,19846044436483.65,14302205452495.14,5543838983988.51
2017-04-27,19846491745845.94,14297979002617.38,5548512743228.56
2017-04-28,19846129308635.72,14293344777463.61,5552784531172.11
2017-05-01,19846087305498.2,14323288296038.26,5522799009459.94
2017-05-02,19846045309192.19,14305283387282.09,5540761921910.1
2017-05-03,19846003311535.71,14318594693410.98,5527408618124.73
2017-05-04,19846238291542.59,14311633308614.24,5534604982928.35
2017-05-05,19846195521326.19,14311376945689.99,5534818575636.2
2017-05-08,19846067200822.73,14305061877082.93,5541005323739.8
2017-05-09,19846024425839.24,14299435294544.99,5546589131294.25
2017-05-10,19845981649507.99,14312904082096.46,5533077567411.53
2017-05-11,19846227292251.07,14310969938720.78,5535257353530.29
2017-05-12,19846183719855.51,14310534454246.45,5535649265609.06
2017-05-15,19846053011381.8,14306961280598.89,5539091730782.91
2017-05-16,19846009453270.76,14300695191344.14,5545314261926.62
2017-05-17,19845965893811.36,14309172224133.79,5536793669677.57
2017-05-18,19846211384209.15,14311291738645.75,5534919645563.4
2017-05-19,19846167124114.08,14313167095859.27,5533000028254.81
2017-05-22,19846034340301.91,14309116236183.17,5536918104118.74
2017-05-23,19845990076683.19,14301899119121.59,5544090957561.6
2017-05-24,19845945811714.33,14310454613226.92,5535491198487.41
2017-05-25,19846431364938.7,14310717895584.25,5535713469354.45
2017-05-26,19846386043286.45,14311671308879.32,5534714734407.13
2017-05-30,19846204744568.52,14312801559793.79,5533403184774.73
2017-05-31,19845941916894.67,14298976496221.59,5546965420673.08
2017-06-01,19846204620702.34,14328615932043.56,5517588688658.78
2017-06-02,19846157819438.37,14342786315926.62,5503371503511.75
2017-06-05,19846017411457.19,14337243673967.65,5508773737489.54
2017-06-06,19845970606481.7,14329360203171.01,5516610403310.69
2017-06-07,19845923800152.57,14329788638956.65,5516135161195.92
2017-06-08,19846178256583.33,14319152866986.73,5527025389596.6
2017-06-09,19846130655338.92,14318610148902.96,5527520506435.96
2017-06-12,19845987843632.6,14317140258384.63,5528847585247.97
2017-06-13,19845940165818.31,14310161582491.87,5535778583326.44
2017-06-14,19845892557867.52,14322550697917.05,5523341859950.47
2017-06-15,19846150150843.92,14314984967385.68,5531165183458.24
2017-06-16,19846102452852.32,14313434126568.61,5532668326283.71
2017-06-19,19845959348871.12,14305304199019.39,5540655149851.73
2017-06-20,19845911645535.41,14296913903538.28,5548997741997.13
2017-06-21,19845863940842.3,14307331533813.17,5538532407029.13
2017-06-22,19846371512623.16,14306623483151.17,5539748029471.99
2017-06-23,19846322940480.63,14306066164695.03,5540256775785.6
2017-06-26,19846177199258.34,14297090967426.01,5549086231832.33
2017-06-27,19846128623122.51,14292036016954.82,5554092606167.69
2017-06-28,19846080045627.47,14306866755383.15,5539213290244.32
2017-06-29,19846342893092.54,14307903159240.91,5538439733851.63
2017-06-30,19844554182651.33,14366186344565.7,5478367838085.63
2017-07-03,19844623881256.94,14377732162346.22,5466891718910.72
2017-07-05,19844525346312.34,14363321751422.49,5481203594889.85
2017-07-06,19844797176473.97,14362806936835.64,5481990239638.33
2017-07-07,19844746961071.55,14359968840515.11,5484778120556.44
2017-07-10,19844596307004.68,14358799042021.7,5485797264982.98
2017-07-11,19844546086266.82,14352258511505.05,5492287574761.77
2017-07-12,19844495864166.16,14364884958326.67,5479610905839.49
2017-07-13,19844765411285.25,14363442518675.95,5481322892609.3
2017-07-14,19844714185141.61,14364402489706.43,5480311695435.18
2017-07-17,19844560602117.52,14358888072664.52,5485672529453.0
2017-07-18,19844509405451.25,14347253370973.98,5497256034477.27
2017-07-19,19844458207438.56,14360485538680.47,5483972668758.09
2017-07-20,19844968852152.58,14357665909846.36,5487302942306.22
2017-07-21,19844916127427.14,14357122300739.78,5487793826687.36
2017-07-24,19844757951019.01,14354951912764.08,5489806038254.93
2017-07-25,19844705230729.01,14345435234979.05,5499269995749.96
2017-07-26,19844652509086.92,14355682166713.97,5488970342372.95
2017-07-27,19844938940351.37,14358389871592.54,5486549068758.83
2017-07-28,19844885019040.08,14375370231864.01,5469514787176.07
2017-07-31,19844908989217.09,14360944436689.72,5483964552527.37
2017-08-01,19844862920005.44,14393440219244.75,5451422700760.69
2017-08-02,19844808432656.75,14385610981667.42,5459197450989.33
2017-08-03,19845082603862.3,14398480541692.57,5446602062169.73
2017-08-04,19845027138435.45,14397065676211.26,5447961462224.19
2017-08-07,19844860734174.09,14394023898661.97,5450836835512.12
2017-08-08,19844805263383.88,14385877714057.05,5458927549326.83
2017-08-09,19844749791238.21,14399959755350.13,5444790035888.08
2017-08-10,19845021514944.16,14398550007057.28,5446471507886.88
2017-08-11,19844965149781.95,14401003833986.93,5443961315795.02
2017-08-14,19844796046741.63,14397795363378.02,5447000683363.61
2017-08-15,19844739708017.17,14387623664389.71,5457116043627.46
2017-08-16,19844683929063.46,14398781543011.79,5445902386051.67
2017-08-17,19845188460166.77,14393928425569.18,5451260034597.59
2017-08-18,19845131947038.07,14394276377882.4,5450855569155.67
2017-08-21,19844962412703.62,14391211068090.47,5453751344613.15
2017-08-22,19844905899360.43,14385378835100.31,5459527064260.12
2017-08-23,19844849384667.36,14396462390129.16,5448386994538.2
2017-08-24,19845100367124.09,14398771600092.09,5446328767032.0
2017-08-25,19845043703943.83,14397469719185.39,5447573984758.44
2017-08-28,19844873705820.43,14394393337425.27,5450480368395.16
2017-08-29,19844817037769.13,14388580918004.16,5456236119764.97
2017-08-30,19844760368365.93,14393272109801.02,5451488258564.91
2017-08-31,19844533441924.39,14381561995497.24,5462971446427.15
2017-09-01,19844621643528.62,14428250468926.45,5416371174602.17
2017-09-05,19844390249115.46,14418693678455.88,5425696570659.58
2017-09-06,19844332397358.53,14411300801153.53,5433031596205.0
2017-09-07,19844586961607.12,14410076163680.58,5434510797926.54
2017-09-08,20162176797904.13,14622661213046.99,5539515584857.14
2017-09-11,20165692741989.91,14624241429758.93,5541451312230.98
2017-09-12,20173505864062.25,14624438900751.01,5549066963311.24
2017-09-13,20160009329677.81,14624323575931.9,5535685753745.91
2017-09-14,20165466677134.71,14627258513577.2,5538208163557.51
2017-09-15,20153567885894.27,14611034425087.68,5542533460806.59
2017-09-18,20160428995120.04,14611842621457.12,5548586373662.92
2017-09-19,20173203847678.44,14613433326528.05,5559770521150.39
2017-09-20,20164808111509.9,14615129910868.64,5549678200641.26
2017-09-21,20179769858967.22,14628384646682.33,5551385212284.89
2017-09-22,20181984148961.74,14630331480226.74,5551652668735.0
2017-09-25,20190193324915.9,14630071008794.37,5560122316121.53
2017-09-26,20200728540248.27,14632474734832.72,5568253805415.55
2017-09-27,20188949439233.63,14632295977672.22,5556653461561.41
2017-09-28,20203668853807.76,14649194898519.78,5554473955287.98
2017-09-29,20244900016053.51,14673428663140.94,5571471352912.57
2017-10-02,20347802336477.8,14679489825137.65,5668312511340.15
2017-10-03,20343751188107.81,14678605049125.8,5665146138982.01
2017-10-04,20346648181637.91,14678619924422.85,5668028257215.06
2017-10-05,20371173402452.23,14699886899813.05,5671286502639.18
2017-10-06,20373231412162.96,14702051155625.84,5671180256537.12
2017-10-10,20383171480978.8,14702512422837.4,5680659058141.4
2017-10-11,20375497503910.59,14703235756668.05,5672261747242.54
2017-10-12,20382178657059.56,14709162273815.65,5673016383243.91
2017-10-13,20384194022196.04,14709006397087.96,5675187625108.08
2017-10-16,20422972363114.29,14739245430435.61,5683726932678.68
2017-10-17,20433393699689.36,14739562952258.94,5693830747430.42
2017-10-18,20423370425348.89,14739697415648.19,5683673009700.7
2017-10-19,20433416014983.44,14751485824572.24,5681930190411.2
2017-10-20,20432034265111.78,14751548923140.46,5680485341971.32
2017-10-23,20435639346821.03,14751842197140.46,5683797149680.57
2017-10-24,20443455421241.51,14752220482289.41,5691234938952.1
2017-10-25,20439686602058.66,14752404082815.06,5687282519243.6
2017-10-26,20453245142792.62,14770807412108.47,5682437730684.15
2017-10-27,20454137488012.65,14771761981329.47,5682375506683.18
2017-10-30,20453368882109.34,14772105054082.36,5681263828026.98
2017-10-31,20442473549889.39,14751446096800.09,5691027453089.3
2017-11-01,20453288033638.83,14799846092284.06,5653441941354.77
2017-11-02,20484949588327.36,14821642013459.12,5663307574868.24
2017-11-03,20469010197347.96,14821576459075.11,5647433738272.85
2017-11-06,20474850038554.54,14822172493990.24,5652677544564.3
2017-11-07,20482255904624.36,14823047871224.46,5659208033399.9
2017-11-08,20472055576918.71,14823147147125.58,5648908429793.13
2017-11-09,20496092622812.53,14844966680594.3,5651125942218.23
2017-11-10,20467375664755.32,14844847254488.2,5622528410267.12
2017-11-13,20497883954505.37,14845405544955.47,5652478409549.9
2017-11-14,20503586293308.37,14845581756782.57,5658004536525.8
2017-11-15,20507345683038.68,14860504463573.1,5646841219465.58
2017-11-16,20529210216668.85,14878274733915.74,5650935482753.11
2017-11-17,20534019362990.57,14879382020564.05,5654637342426.52
2017-11-20,20538363384975.76,14879996080226.06,5658367304749.7
2017-11-21,20546926554467.78,14881051281288.87,5665875273178.91
2017-11-22,20533379940805.47,14881227677647.08,5652152263158.39
2017-11-24,20557279072690.55,14900676192116.56,5656602880573.99
2017-11-27,20563678566454.32,14901318823430.05,5662359743024.27
2017-11-28,20567936964198.06,14902207939416.99,5665729024781.07
2017-11-29,20564167371736.7,14902566209169.93,5661601162566.77
2017-11-30,20590391942312.26,14918713237390.02,5671678704922.24
2017-12-01,20531846220213.62,14914017544075.96,5617828676137.66
2017-12-04,20540360356857.05,14914001967724.12,5626358389132.93
2017-12-05,20546623579203.52,14913709643612.75,5632913935590.77
2017-12-06,20546441840672.42,14913765477253.3,5632676363419.12
2017-12-07,20541101511244.25,14905960878769.59,5635140632474.66
2017-12-08,20492887195569.14,14864901290186.69,5627985905382.45
2017-12-11,20492677740169.28,14864791729195.87,5627886010973.41
2017-12-12,20492607932866.63,14864589132682.79,5628018800183.84
2017-12-13,20487502503616.26,14865185323828.93,5622317179787.33
2017-12-14,20492949732212.36,14875266962033.88,5617682770178.48
2017-12-15,20492878719927.31,14876465319221.51,5616413400705.8
2017-12-18,20492665673399.91,14871115134574.13,5621550538825.78
2017-12-19,20492594576868.17,14859375221697.58,5633219355170.59
2017-12-20,20492523558087.55,14872404179962.78,5620119378124.77
2017-12-21,20492946882116.34,14874300693417.93,5618646188698.41
2017-12-22,20492874492282.58,14867653982349.78,5625220509932.8
2017-12-26,20492584911300.31,14861711360306.43,5630873550993.88
2017-12-27,20492512514851.0,14862808365456.6,5629704149394.4
2017-12-28,20492954574011.86,14868636178621.04,5624318395390.82
2017-12-29,20492746546193.75,14814721127803.77,5678025418389.98
2018-01-02,20492598761860.61,14832791508804.58,5659807253056.03
2018-01-03,20492526045598.18,14830821875020.65,5661704170577.53
2018-01-04,20493371220438.59,14829337499091.95,5664033721346.64
2018-01-05,20493295888804.95,14825245220953.68,5668050667851.27
2018-01-08,20493069880245.37,14822328754573.94,5670741125671.43
2018-01-09,20492994543246.08,14814465039163.88,5678529504082.2
2018-01-10,20492919204874.46,14827221796500.48,5665697408373.98
2018-01-11,20493401574964.07,14825224222475.65,5668177352488.42
2018-01-12,20493324536905.96,14825672834831.3,5667651702074.66
2018-01-16,20493016378414.12,14813999132114.82,5679017246299.3
2018-01-17,20492939320324.04,14812558278590.67,5680381041733.37
2018-01-18,20493420765319.99,14816444600791.45,5676976164528.54
2018-01-19,20493342622878.63,14813369408285.16,5679973214593.47
2018-01-22,20493108144643.13,14810806301617.72,5682301843025.41
2018-01-23,20493029991624.76,14802828641713.67,5690201349911.09
2018-01-24,20492951837215.06,14814662992793.42,5678288844421.64
2018-01-25,20493423423807.19,14805838434927.69,5687584988879.5
2018-01-26,20493344333189.55,14807511435613.17,5685832897576.38
2018-01-29,20493107046026.84,14806706033461.15,5686401012565.69
2018-01-30,20493027951424.22,14802029321616.22,5690998629808.0
2018-01-31,20493729921939.72,14803169732410.16,5690560189529.56
2018-02-01,20494566890206.07,14836157468843.4,5658409421362.67
2018-02-02,20494486445042.85,14840770479944.57,5653715965098.28
2018-02-05,20494245400584.32,14835522073981.73,5658723326602.59
2018-02-06,20494165051604.5,14828789437986.14,5665375613618.36
2018-02-07,20494084701228.73,14828998363221.32,5665086338007.41
2018-02-08,20494637976880.62,14824326747989.38,5670311228891.24
2018-02-09,20669079408408.12,14981023162801.12,5688056245607.0
2018-02-12,20673916370594.86,14982037239613.26,5691879130981.6
2018-02-13,20681825802445.42,14982497795737.89,5699328006707.53
2018-02-14,20669606301184.9,14984392864937.32,5685213436247.58
2018-02-15,20710203610249.74,15018135646693.34,5692067963556.4
2018-02-16,20760158076330.68,15067669907305.63,5692488169025.05
2018-02-20,20769498460581.94,15068459260605.44,5701039199976.5
2018-02-21,20763473664583.21,15068301864620.73,5695171799962.48
2018-02-22,20804998625487.55,15110482929984.67,5694515695502.88
2018-02-23,20820865274109.09,15125266413158.17,5695598860950.92
2018-02-26,20828957756485.62,15126091134846.28,5702866621639.34
2018-02-27,20838188918432.14,15127327928607.23,5710860989824.91
2018-02-28,20855671542905.95,15150589235512.83,5705082307393.12
2018-03-01,20874435529527.56,15206808829608.28,5667626699919.28
2018-03-02,20867726890754.58,15207675011661.06,5660051879093.52
2018-03-05,20872756577561.62,15208405967711.0,5664350609850.62
2018-03-06,20878815095126.54,15208803986989.88,5670011108136.66
2018-03-07,20879868237922.03,15209278050307.27,5670590187614.76
2018-03-08,20957314831621.48,15282833768576.52,5674481063044.96
2018-03-09,20957037099272.42,15283143110463.34,5673893988809.08
2018-03-12,20962217016816.16,15284841397164.91,5677375619651.25
2018-03-13,20972809767485.34,15285267594523.09,5687542172962.25
2018-03-14,20958230936189.63,15285211732275.09,5673019203914.54
2018-03-15,21031067004766.25,15356367776113.95,5674699228652.3
2018-03-16,21034109394094.77,15357470261453.12,5676639132641.65
2018-03-19,21044423366830.66,15358184981435.08,5686238385395.58
2018-03-20,21050409012718.72,15358774462932.23,5691634549786.49
2018-03-21,21032685133173.23,15359114729978.59,5673570403194.64
2018-03-22,21065155853968.88,15389237897601.57,5675917956367.31
2018-03-23,21068911163715.0,15389677444847.01,5679233718867.99
2018-03-26,21078004295231.99,15390217086112.81,5687787209119.18
2018-03-27,21085008958072.43,15390843839115.4,5694165118957.03
2018-03-28,21071123981792.35,15391333188300.65,5679790793491.7
2018-03-29,21113576555836.45,15428254601550.1,5685321954286.35
2018-03-30,21089642954195.85,15428010045518.83,5661632908677.02
2018-04-02,21119428167134.32,15457245026801.38,5662183140332.94
2018-04-03,21117036563374.48,15458246704805.32,5658789858569.16
2018-04-04,21118181678650.67,15458648483778.93,5659533194871.74
2018-04-05,21120516214632.52,15456579589403.9,5663936625228.62
2018-04-06,21120328488282.31,15456890388302.0,5663438099980.31
2018-04-09,21126975459212.66,15457541524162.47,5669433935050.19
2018-04-10,21134791585045.75,15457815316605.78,5676976268439.97
2018-04-11,21121833941447.86,15457761371722.06,5664072569725.8
2018-04-12,21062482347576.05,15396109712391.53,5666372635184.52
2018-04-13,21063430153271.02,15396372854511.25,5667057298759.77
2018-04-16,21070966420897.65,15382519365712.58,5688447055185.07
2018-04-17,21078301250985.42,15382829721962.65,5695471529022.77
2018-04-18,21079825622461.71,15383525794902.6,5696299827559.11
2018-04-19,21035490499062.02,15341717338928.25,5693773160133.77
2018-04-20,21038689089288.52,15341934608555.27,5696754480733.25
2018-04-23,21043317739890.61,15341604906024.08,5701712833866.53
2018-04-24,21062394007499.15,15341956513722.33,5720437493776.82
2018-04-25,21059600102296.72,15343166694572.03,5716433407724.69
2018-04-26,21055498294426.9,15335203460011.52,5720294834415.38
2018-04-27,21053362097750.15,15335311552244.69,5718050545505.46
2018-04-30,21068200197433.39,15335128360141.59,5733071837291.8
2018-05-01,21030629980055.97,15333841267986.47,5696788712069.5
2018-05-02,21045329035471.85,15333904680989.11,5711424354482.74
2018-05-03,21033707724786.27,15331188299570.49,5702519425215.78
2018-05-04,21037962909322.34,15331483065177.68,5706479844144.66
2018-05-07,21044166639576.73,15332140579833.99,5712026059742.74
2018-05-08,21054765494439.73,15333103857455.4,5721661636984.33
2018-05-09,21041008612752.39,15333538439277.22,5707470173475.17
2018-05-10,21050822593901.63,15340545306320.27,5710277287581.36
2018-05-11,21050639712224.13,15340882566316.37,5709757145907.76
2018-05-14,21054333351581.17,15341597388589.64,5712735962991.53
2018-05-15,21085763264509.0,15365492662887.04,5720270601621.96
2018-05-16,21073973527665.04,15365901408525.02,5708072119140.02
2018-05-17,21080911541301.81,15372037003890.66,5708874537411.15
2018-05-18,21080657571615.85,15372216324852.68,5708441246763.17
2018-05-21,21085944732707.85,15372445671093.83,5713499061614.02
2018-05-22,21094646382036.53,15372575574992.69,5722070807043.84
2018-05-23,21082960914217.14,15372610113506.17,5710350800710.97
2018-05-24,21086523104703.44,15381628979338.11,5704894125365.33
2018-05-25,21100147496907.13,15397587847773.78,5702559649133.35
2018-05-29,21103081230154.62,15398397888265.23,5704683341889.39
2018-05-30,21105716687008.42,15398772154071.18,5706944532937.24
2018-05-31,21145215185726.27,15426913434471.75,5718301751254.52
2018-06-01,21083101841090.82,15424755242677.0,5658346598413.82
2018-06-04,21090788185039.9,15425286518774.78,5665501666265.12
2018-06-05,21101359553390.92,15425827743823.57,5675531809567.35
2018-06-06,21102352873994.41,15425885426743.22,5676467447251.19
2018-06-07,21100104747917.42,15419090263839.35,5681014484078.07
2018-06-08,21089120186022.95,15419575371855.33,5669544814167.62
2018-06-11,21092939472262.3,15420109283609.04,5672830188653.26
2018-06-12,21099489928692.23,15420381069951.78,5679108858740.45
2018-06-13,21086796728063.7,15420891746855.51,5665904981208.19
2018-06-14,21080800469062.53,15411279777643.93,5669520691418.6
2018-06-15,21123860003777.0,15452782944214.64,5671077059562.36
2018-06-18,21131552165121.66,15453290390614.64,5678261774507.02
2018-06-19,21145776248815.35,15453853338440.76,5691922910374.59
2018-06-20,21134210723405.84,15453996649404.43,5680214074001.41
2018-06-21,21130804062854.82,15450298737509.93,5680505325344.89
2018-06-22,21130600883846.19,15449506168261.43,5681094715584.76
2018-06-25,21140053677467.79,15449788829355.28,5690264848112.51
2018-06-26,21149679487479.03,15450003820829.99,5699675666649.04
2018-06-27,21132466998348.7,15449872082325.55,5682594916023.15
2018-06-28,21128999819421.29,15445344838811.38,5683654980609.91
2018-06-29,21195069635322.81,15466564313316.59,5728505322006.22
2018-07-02,21206269833983.27,15478025973800.28,5728243860182.99
2018-07-03,21200946191836.57,15479809288773.33,5721136903063.24
2018-07-05,21202772898489.06,15480335133615.97,5722437764873.09
2018-07-06,21205959245607.94,15480348690775.16,5725610554832.78
2018-07-09,21208118414223.52,15481266285833.27,5726852128390.25
2018-07-10,21216401150637.29,15481784545311.01,5734616605326.28
2018-07-11,21207800900961.24,15482229910418.34,5725570990542.9
2018-07-12,21211173172828.9,15483825394034.71,5727347778794.19
2018-07-13,21210749709985.38,15484166924361.9,5726582785623.48
2018-07-16,21243372844071.82,15512046919636.02,5731325924435.8
2018-07-17,21255414486483.41,15512500347731.11,5742914138752.3
2018-07-18,21240863782088.95,15512748584872.01,5728115197216.94
2018-07-19,21259998398094.92,15535663966290.66,5724334431804.26
2018-07-20,21260651850117.75,15535879115989.86,5724772734127.89
2018-07-23,21263807944392.77,15536461354753.53,5727346589639.24
2018-07-24,21271247800540.01,15536640027940.81,5734607772599.2
2018-07-25,21265465085278.12,15538268632355.25,5727196452922.87
2018-07-26,21298625513846.47,15565709540458.06,5732915973388.41
2018-07-27,21298529758160.39,15565835238260.36,5732694519900.03
2018-07-30,21299336900639.99,15566249059692.69,5733087840947.3
2018-07-31,21313061060202.36,15569493125391.06,5743567934811.3
2018-08-01,21264843695121.88,15566616303580.77,5698227391541.11
2018-08-02,21313281480972.7,15603785459719.54,5709496021253.16
2018-08-03,21299885021440.17,15603529858901.33,5696355162538.84
2018-08-06,21305396357131.22,15603767379478.33,5701628977652.89
2018-08-07,21309935887061.0,15603813170007.85,5706122717053.15
2018-08-08,21298611652099.77,15604133297699.72,5694478354400.05
2018-08-09,21342180438050.36,15645895970967.24,5696284467083.12
2018-08-10,21340305860713.26,15645938133938.85,5694367726774.41
2018-08-13,21345092516711.61,15647722916074.19,5697369600637.42
2018-08-14,21351570155673.96,15647844389253.73,5703725766420.23
2018-08-15,21372335862718.26,15673102568890.7,5699233293827.56
2018-08-16,21407198924328.46,15709902523901.14,5697296400427.32
2018-08-17,21411381995917.67,15709394160830.51,5701987835087.16
2018-08-20,21413596733315.34,15709290599127.17,5704306134188.17
2018-08-21,21419489702413.26,15709668196755.19,5709821505658.07
2018-08-22,21406769129269.27,15710916490774.11,5695852638495.16
2018-08-23,21427964691382.19,15729790225795.17,5698174465587.02
2018-08-24,21427915886083.86,15728711190338.12,5699204695745.74
2018-08-27,21434509795753.3,15728682728474.3,5705827067279.0
2018-08-28,21441778054853.24,15729416547573.57,5712361507279.67
2018-08-29,21439418968321.48,15729402444459.44,5710016523862.04
2018-08-30,21442467655114.31,15733949377988.37,5708518277125.94
2018-08-31,21458849674105.03,15785389142392.19,5673460531712.84
2018-09-04,21455349744287.3,15784224420723.73,5671125323563.57
2018-09-05,21471068566864.17,15784640443924.65,5686428122939.52
2018-09-06,21454589882352.1,15766687580863.66,5687902301488.44
2018-09-07,21456483108262.84,15766469303541.8,5690013804721.04
2018-09-10,21459790397306.67,15766124319572.62,5693666077734.05
2018-09-11,21466240223764.98,15765919908647.53,5700320315117.45
2018-09-12,21450777638517.61,15764643670319.71,5686133968197.9
2018-09-13,21432542252109.45,15743158194716.41,5689384057393.04
2018-09-14,21432243515559.68,15743000280989.59,5689243234570.09
2018-09-17,21490885696294.14,15791990035112.85,5698895661181.29
2018-09-18,21499171612329.23,15793118193325.11,5706053419004.12
2018-09-19,21494298981877.34,15793043986475.03,5701254995402.31
2018-09-20,21467468522886.37,15760417329521.12,5707051193365.25
2018-09-21,21466736176134.46,15761069405045.17,5705666771089.29
2018-09-24,21475519434473.53,15761155977944.0,5714363456529.53
2018-09-25,21482774907893.49,15761483505663.41,5721291402230.08
2018-09-26,21471059693409.2,15761091412843.05,5709968280566.15
2018-09-27,21431887134696.46,15732905321143.44,5698981813553.02
2018-09-28,21516058183180.23,15761154524132.45,5754903659047.78
2018-10-01,21606948383546.28,15771323483176.73,5835624900369.55
2018-10-02,21618812057150.71,15771880350593.91,5846931706556.8
2018-10-03,21605363414469.16,15771616169602.68,5833747244866.48
2018-10-04,21599377345082.36,15757097388254.3,5842279956828.06
2018-10-05,21599293061786.97,15756716707940.54,5842576353846.43
2018-10-09,21602285916278.38,15756516575709.51,5845769340568.87
2018-10-10,21594438319301.65,15757049312093.23,5837389007208.42
2018-10-11,21590013434727.39,15758217686596.07,5831795748131.32
2018-10-12,21597941304882.14,15758680611978.07,5839260692904.07
2018-10-15,21654150409486.39,15808042797177.88,5846107612308.51
2018-10-16,21661717322449.45,15808169762613.25,5853547559836.2
2018-10-17,21653793061650.8,15809608630056.09,5844184431594.71
2018-10-18,21672453590238.12,15825099760429.78,5847353829808.34
2018-10-19,21671476474549.22,15825176112961.61,5846300361587.61
2018-10-22,21674683713625.99,15824963456613.58,5849720257012.41
2018-10-23,21682446587870.73,15825728864647.49,5856717723223.24
2018-10-24,21671062290012.8,15826071390358.14,5844990899654.66
2018-10-25,21695750095091.45,15845223164100.09,5850526930991.36
2018-10-26,21694906926249.19,15845407035413.31,5849499890835.88
2018-10-29,21697502722082.55,15846152253420.64,5851350468661.91
2018-10-30,21699981385978.17,15846671798134.71,5853309587843.46
2018-10-31,21702369768174.47,15843329310589.99,5859040457584.48
2018-11-01,21683971652591.44,15863691547151.99,5820280105439.45
2018-11-02,21676608763810.66,15864355924377.35,5812252839433.31
2018-11-05,21682375718173.25,15864379390552.8,5817996327620.45
2018-11-06,21691245489008.61,15865072274285.08,5826173214723.53
2018-11-07,21690440697756.73,15864851666065.46,5825589031691.27
2018-11-08,21733425227728.46,15901257129970.64,5832168097757.82
2018-11-09,21732569650931.19,15901215846182.69,5831353804748.5
2018-11-13,21734201829935.66,15901577706655.06,5832624123280.6
2018-11-14,21725713263679.99,15901856845481.5,5823856418198.49
2018-11-15,21763815767800.21,15941677510341.56,5822138257458.65
2018-11-16,21766361664768.69,15941836964145.2,5824524700623.49
2018-11-19,21772154155056.2,15940718638259.48,5831435516796.72
2018-11-20,21782702247862.12,15941577361994.05,5841124885868.07
2018-11-21,21769263916844.09,15941660193707.84,5827603723136.25
2018-11-23,21802839722859.62,15966784379234.49,5836055343625.13
2018-11-26,21811396160621.93,15968041750406.23,5843354410215.7
2018-11-27,21816375589157.53,15968149960060.86,5848225629096.67
2018-11-28,21801924124576.84,15968009430662.41,5833914693914.43
2018-11-29,21818103811690.47,15985401821876.93,5832701989813.54
2018-11-30,21850093880675.8,16044318195178.8,5805775685497.0
2018-12-03,21824097352309.98,16041954578605.09,5782142773704.89
2018-12-04,21836687236972.05,16041645512514.4,5795041724457.65
2018-12-05,21839046215674.56,16041798103871.49,5797248111803.07
2018-12-06,21851519415475.75,16052954961410.62,5798564454065.13
2018-12-07,21850844847464.58,16053049927837.61,5797794919626.97
2018-12-10,21854296172540.94,16053118004057.2,5801178168483.74
2018-12-11,21849744563858.24,16048689240641.0,5801055323217.24
2018-12-12,21836655970708.04,16048945841724.76,5787710128983.28
2018-12-13,21823094510705.58,16033637518538.32,5789456992167.26
2018-12-14,21820936961476.66,16033761180548.83,5787175780927.83
2018-12-17,21876674953142.67,16086439155714.33,5790235797428.34
2018-12-18,21885501490485.79,16082126126498.86,5803375363986.93
2018-12-19,21873194423164.45,16082361051525.41,5790833371639.04
2018-12-20,21863635176724.12,16068046410932.01,5795588765792.11
2018-12-21,21868943731576.67,16068448569055.12,5800495162521.55
2018-12-24,21862540831594.79,16069486830335.69,5793054001259.1
2018-12-26,21861315992472.0,16064377386179.82,5796938606292.18
2018-12-27,21845329154412.01,16050098173366.26,5795230981045.75
2018-12-28,21867322638334.45,16068571327075.85,5798751311258.6
2018-12-31,21974095705790.55,16101666500481.68,5872429205308.87
2019-01-02,21943897507129.68,16099394138446.57,5844503368683.11
2019-01-03,21929258046653.58,16089741562651.94,5839516484001.64
2019-01-04,21931966199373.94,16089616354639.65,5842349844734.29
2019-01-07,21935478484527.11,16089278704356.53,5846199780170.58
2019-01-08,21941436879693.69,16089594108500.79,5851842771192.9
2019-01-09,21930194582386.14,16090155376452.81,5840039205933.33
2019-01-10,21917603881288.34,16075112310239.88,5842491571048.46
2019-01-11,21917159310974.58,16074862934938.64,5842296376035.94
2019-01-14,21919993773556.77,16074286709142.08,5845707064414.69
2019-01-15,21969969573018.07,16108759021618.66,5861210551399.41
2019-01-16,21960411284948.15,16109322798991.54,5851088485956.61
2019-01-17,21954771806120.41,16094254762729.43,5860517043390.98
2019-01-18,21954898759285.36,16094081724231.95,5860817035053.41
2019-01-22,21953160110078.25,16093082683296.82,5860077426781.43
2019-01-23,21947795866492.78,16093085371606.53,5854710494886.25
2019-01-24,21941258881102.69,16084129360530.97,5857129520571.72
2019-01-25,21950249913408.5,16084126356100.47,5866123557308.03
2019-01-28,21955074791078.53,16083264131960.29,5871810659118.24
2019-01-29,21973331001422.7,16093235292273.68,5880095709149.02
2019-01-30,21968157827920.13,16093081796786.13,5875076031134.0
2019-01-31,21982423036475.23,16101226791887.87,5881196244587.36
2019-02-01,21921630334906.2,16099195761574.9,5822434573331.3
2019-02-04,21933491166604.77,16098401938654.84,5835089227949.93
2019-02-05,21957295730198.83,16113411511507.07,5843884218691.76
2019-02-06,21957560953101.45,16113385065287.29,5844175887814.16
2019-02-07,21955061924930.72,16107965218290.06,5847096706640.66
2019-02-08,21957707162297.58,16107884459309.53,5849822702988.05
2019-02-11,22012840891685.32,16157240020401.4,5855600871283.92
2019-02-12,22035768149459.89,16172213721069.82,5863554428390.07
2019-02-13,22020113259723.01,16171729243243.29,5848384016479.72
2019-02-14,22015608446497.27,16165843663662.34,5849764782834.93
2019-02-15,22025547947478.37,16171035270138.29,5854512677340.08
2019-02-19,22040666955080.47,16185653238798.5,5855013716281.97
2019-02-20,22039763197239.24,16186326651098.56,5853436546140.68
2019-02-21,22039289882625.87,16183759171869.69,5855530710756.18
2019-02-22,22063557299600.16,16201577219408.92,5861980080191.24
2019-02-25,22067095964458.39,16200951332736.31,5866144631722.08
2019-02-26,22089959800922.0,16212363527329.47,5877596273592.53
2019-02-27,22074317868857.95,16211944636922.25,5862373231935.7
2019-02-28,22115526445599.07,16250898044728.34,5864628400870.73
2019-03-01,22028945980301.65,16221749401198.23,5807196579103.42
2019-03-04,22028447125652.23,16222052344948.56,5806394780703.67
2019-03-05,22028524548385.66,16222451778062.35,5806072770323.31
2019-03-06,22028357199655.04,16222050679017.62,5806306520637.42
2019-03-07,22029051549002.87,16220220884752.42,5808830664250.45
2019-03-08,22028881490539.35,16219553075496.25,5809328415043.1
2019-03-11,22028371305809.44,16215316709386.78,5813054596422.66
2019-03-12,22028444133429.2,16203831827627.46,5824612305801.74
2019-03-13,22028273031640.25,16219378552868.28,5808894478771.97
2019-03-14,22028877815332.49,16217120166414.15,5811757648918.34
2019-03-15,22028706063174.96,16218563037553.5,5810143025621.46
2019-03-18,22028190803484.94,16213853688297.72,5814337115187.22
2019-03-19,22028262639972.93,16201738970858.32,5826523669114.61
2019-03-20,22028089812176.34,16216193637711.23,5811896174465.11
2019-03-21,22028692383333.1,16212163556778.11,5816528826554.99
2019-03-22,22028518927886.87,16211811079841.81,5816707848045.06
2019-03-25,22027998543525.24,16198798980110.57,5829199563414.67
2019-03-26,22028072102351.2,16192696863788.91,5835375238562.29
2019-03-27,22027897795377.42,16208783119587.78,5819114675789.64
2019-03-28,22029112480741.88,16241176637435.61,5787935843306.27
2019-03-29,22027880157027.99,16204392002372.97,5823488154655.02
2019-04-01,22027704987724.49,16230093228645.41,5797611759079.08
2019-04-02,22027579108932.54,16228710267266.42,5798868841666.12
2019-04-04,22028147661589.79,16225463575610.86,5802684085978.93
2019-04-05,22027973012982.34,16224242279839.62,5803730733142.72
2019-04-08,22027449134390.73,16217448195590.2,5810000938800.53
2019-04-09,22027496999035.6,16209945774334.55,5817551224701.05
2019-04-10,22027323060789.03,16224285153442.49,5803037907346.54
2019-04-11,22027837127788.04,16220451062975.04,5807386064813.0
2019-04-12,22027664941778.85,16219233320909.82,5808431620869.03
2019-04-15,22027148377103.51,16198884759922.81,5828263617180.7
2019-04-16,22027197885173.36,16187884775531.92,5839313109641.44
2019-04-17,22027026475248.4,16194644834727.5,5832381640520.9
2019-04-18,22027542672770.63,16187505143961.04,5840037528809.59
2019-04-19,22027373329054.47,16185899632704.08,5841473696350.39
2019-04-22,22026865292117.75,16179171534606.47,5847693757511.28
2019-04-23,22026919403453.14,16164505978676.74,5862413424776.4
2019-04-24,22026750845632.11,16169442413839.39,5857308431792.72
2019-04-25,22027894379236.04,16168871716889.89,5859022662346.15
2019-04-26,22027725902609.9,16168424448179.69,5859301454430.21
2019-04-29,22027220511577.98,16167603157398.99,5859617354178.99
2019-04-30,22027668200019.47,16192789476576.03,5834878723443.44
2019-05-01,22027499772496.57,16200427108406.33,5827072664090.24
2019-05-02,22028002290150.87,16184529368527.07,5843472921623.8
2019-05-03,22027834270147.16,16197140195969.1,5830694074178.06
2019-05-06,22027330249714.53,16187342733017.79,5839987516696.74
2019-05-07,22027434332952.25,16179686204183.9,5847748128768.35
2019-05-08,22027265000437.08,16192135944859.75,5835129055577.33
2019-05-09,22027763492693.17,16189383305579.42,5838380187113.75
2019-05-10,22027594778503.72,16190147557701.02,5837447220802.7
2019-05-13,22027088803760.18,16186329486594.77,5840759317165.41
2019-05-14,22027142477788.08,16180902605342.64,5846239872445.44
2019-05-15,22026973836645.55,16194202614005.68,5832771222639.87
2019-05-16,22027466173302.66,16190629626492.13,5836836546810.53
2019-05-17,22027298281442.3,16187191251086.57,5840107030355.73
2019-05-20,22026794607778.78,16183132491559.86,5843662116218.92
2019-05-21,22026846898345.44,16175713760497.24,5851133137848.2
2019-05-22,22026679116252.14,16190381946850.9,5836297169401.24
2019-05-23,22027749066883.72,16193863476376.73,5833885590506.99
2019-05-24,22027582043284.14,16189012209342.99,5838569833941.15
2019-05-28,22027122548264.26,16187508622132.6,5839613926131.66
2019-05-29,22026955988128.91,16181758266402.76,5845197721726.15
2019-05-30,22027424114818.6,16167856716338.72,5859567398479.88
2019-05-31,22026423883026.38,16202282783139.21,5824141099887.17
2019-06-03,22025927312962.14,16221746854694.83,5804180458267.31
2019-06-04,22025961143635.3,16207390709226.9,5818570434408.4
2019-06-05,22025796403796.43,16202012743134.63,5823783660661.8
2019-06-06,22026251450735.52,16197469983785.98,5828781466949.54
2019-06-07,22026087862210.14,16197828793373.27,5828259068836.87
2019-06-10,22025597084037.73,16183754388627.01,5841842695410.72
2019-06-11,22025629973683.95,16176744322503.2,5848885651180.75
2019-06-12,22025467215322.33,16190248759467.87,5835218455854.46
2019-06-13,22025897802924.26,16187556532343.61,5838341270580.65
2019-06-14,22025737667227.33,16190456188443.5,5835281478783.83
2019-06-17,22025257265224.76,16180966057902.25,5844291207322.51
2019-06-18,22025285716123.66,16160487041534.78,5864798674588.88
2019-06-19,22025126584081.54,16173315959062.76,5851810625018.78
2019-06-20,22026074359429.66,16168931623578.88,5857142735850.78
2019-06-21,22025916805261.83,16167072340355.94,5858844464905.89
2019-06-24,22025444218890.86,16157310707044.81,5868133511846.05
2019-06-25,22025467877267.26,16149758194167.03,5875709683100.23
2019-06-26,22025311154285.78,16161695584055.5,5863615570230.28
2019-06-27,22025713624721.18,16161668692617.82,5864044932103.36
2019-06-28,22023282617075.45,16188422046434.7,5834860570640.75
2019-07-01,22023127457029.41,16214109444748.58,5809018012280.83
2019-07-02,22023154457098.57,16200812642668.62,5822341814429.95
2019-07-03,22022999766188.67,16215942933610.33,5807056832578.34
2019-07-05,22023252678157.0,16212103315525.56,5811149362631.44
2019-07-08,22022792479867.4,16210038956949.0,5812753522918.4
2019-07-09,22022825153825.04,16202451595716.18,5820373558108.86
2019-07-10,22022672056021.83,16219942298799.06,5802729757222.77
2019-07-11,22023097720080.98,16217448073568.61,5805649646512.37
2019-07-12,22022945564301.12,16217849671906.63,5805095892394.49
2019-07-15,22022489157318.43,16212102245454.95,5810386911863.48
2019-07-16,22022511127420.27,16204897156844.02,5817613970576.25
2019-07-17,22022359616295.42,16215855259886.28,5806504356409.14
2019-07-18,22023269635664.39,16215671269416.63,5807598366247.76
2019-07-19,22023119533123.43,16214945885223.52,5808173647899.91
2019-07-22,22022669203729.33,16211001269249.6,5811667934479.73
2019-07-23,22022691412700.74,16203882611569.88,5818808801130.86
2019-07-24,22022541856518.42,16216591266625.73,5805950589892.69
2019-07-25,22022943775070.37,16217519900097.02,5805423874973.35
2019-07-26,22022795612652.49,16219771618812.24,5803023993840.25
2019-07-29,22022351130583.63,16216569720218.09,5805781410365.54
2019-07-30,22022376894711.12,16213518723570.69,5808858171140.43
2019-07-31,22022368854863.19,16211185016302.46,5811183838560.73
2019-08-01,22022779932477.98,16246630031126.64,5776149901351.34
2019-08-02,22314300536778.37,16440631717429.67,5873668819348.7
2019-08-05,22320985030325.55,16442053458094.56,5878931572230.99
2019-08-06,22322413855280.18,16437554826884.24,5884859028395.94
2019-08-07,22321542218139.83,16437000073896.91,5884542144242.92
2019-08-08,22327888143759.66,16437453559652.55,5890434584107.11
2019-08-09,22326506729822.41,16437180615134.39,5889326114688.02
2019-08-12,22331333773573.19,16437389559832.95,5893944213740.24
2019-08-13,22359330185064.46,16457659378734.62,5901670806329.84
2019-08-14,22342140787120.32,16457201444193.17,5884939342927.15
2019-08-15,22385387228972.44,16491484413957.12,5893902815015.32
2019-08-16,22389559542935.74,16491441952619.57,5898117590316.17
2019-08-19,22396345008911.25,16491489964515.03,5904855044396.22
2019-08-20,22428001691709.87,16516850759018.38,5911150932691.49
2019-08-21,22414598129671.7,16517891095886.52,5896707033785.18
2019-08-22,22430652209581.7,16531722730938.48,5898929478643.22
2019-08-23,22430807789262.13,16531957992826.06,5898849796436.07
2019-08-26,22440782615874.92,16532087064372.55,5908695551502.37
2019-08-27,22472360797329.8,16557143867682.79,5915216929647.01
2019-08-28,22456832939116.24,16557511279372.44,5899321659743.8
2019-08-29,22467795131451.64,16570396844388.86,5897398287062.78
2019-08-30,22460466625952.37,16596815590260.74,5863651035691.63
2019-09-03,22499028130171.28,16660283553124.11,5838744577047.17
2019-09-04,22517297955639.18,16660540698787.36,5856757256851.82
2019-09-05,22531817693305.66,16673309581043.19,5858508112262.47
2019-09-06,22532757499591.39,16673414549532.49,5859342950058.9
2019-09-09,22537423716466.15,16673859575567.61,5863564140898.54
2019-09-10,22558141162723.67,16684840342310.58,5873300820413.09
2019-09-11,22539506714045.44,16684921432102.41,5854585281943.03
2019-09-12,22557781101458.39,16700408677824.67,5857372423633.72
2019-09-13,22557571535314.09,16700774934516.88,5856796600797.21
2019-09-16,22586281657819.33,16720462392608.28,5865819265211.05
2019-09-17,22602942644871.49,16722768994867.96,5880173650003.53
2019-09-18,22590164470365.91,16723191497980.95,5866972972384.96
2019-09-19,22610196598036.67,16736457737524.45,5873738860512.22
2019-09-20,22605632959665.14,16736741800799.41,5868891158865.73
2019-09-23,22610453853393.56,16737256715576.25,5873197137817.31
2019-09-24,22622770690001.99,16733330036854.81,5889440653147.18
2019-09-25,22607428369788.64,16733463541338.65,5873964828449.99
2019-09-26,22609957618808.14,16746339300499.33,5863618318308.81
2019-09-27,22622684674364.43,16764390251004.74,5858294423359.69
2019-09-30,22719401753433.78,16809092325171.8,5910309428261.98
2019-10-01,22798479742321.92,16803227280467.93,5995252461853.99
2019-10-02,22827535000529.65,16804268345666.79,6023266654862.86
2019-10-03,22829455689908.62,16818109419010.97,6011346270897.65
2019-10-04,22834429766201.04,16817669845663.51,6016759920537.53
2019-10-07,22836905127489.22,16817661721629.09,6019243405860.13
2019-10-08,22839353088152.28,16808699625202.65,6030653462949.63
2019-10-09,22823858730049.53,16808686016948.99,6015172713100.54
2019-10-10,22842749110170.59,16825548997915.93,6017200112254.66
2019-10-11,22843617581353.64,16825472625533.73,6018144955819.91
2019-10-15,22902889023079.27,16875489754055.11,6027399269024.16
2019-10-16,22897812971228.86,16876992286322.34,6020820684906.52
2019-10-17,22918794762476.14,16893171764066.81,6025622998409.33
2019-10-18,22918893401337.22,16893139099180.82,6025754302156.4
2019-10-21,22922454475325.5,16892961507239.77,6029492968085.73
2019-10-22,22940939205328.0,16903297018125.32,6037642187202.68
2019-10-23,22926602224587.4,16904659048361.14,6021943176226.26
2019-10-24,22943159688775.93,16919308704863.87,6023850983912.06
2019-10-25,22948911971466.48,16919260555240.92,6029651416225.56
2019-10-28,22950538299859.71,16919472433392.3,6031065866467.41
2019-10-29,22966319890586.47,16930793643091.26,6035526247495.21
2019-10-30,22963226486608.38,16931770448757.39,6031456037850.99
2019-10-31,23008409564494.99,16981310915367.49,6027098649127.5
2019-11-01,22953224244018.87,16979126135934.57,5974098108084.3
2019-11-04,22965707933965.52,16979202987130.2,5986504946835.32
2019-11-05,22986015532306.35,16990131413110.42,5995884119195.93
2019-11-06,22985834022811.17,16990346243791.22,5995487779019.95
2019-11-07,23004022933459.45,17004656452724.54,5999366480734.91
2019-11-08,23006336134064.42,17004584006573.19,6001752127491.23
2019-11-12,23015089744090.63,17009766613761.61,6005323130329.02
2019-11-13,23004857754547.26,17009935889179.38,5994921865367.88
2019-11-14,23016663627659.38,17022143220211.93,5994520407447.45
2019-11-15,23043682074915.91,17045105021855.79,5998577053060.12
2019-11-18,23050780866023.83,17045852074072.08,6004928791951.75
2019-11-19,23066176871795.89,17048355480877.07,6017821390918.82
2019-11-20,23053420423509.05,17050292172908.28,6003128250600.77
2019-11-21,23051248112073.68,17059142871902.76,5992105240170.92
2019-11-22,23071842154164.67,17059820593055.93,6012021561108.74
2019-11-25,23072730495315.54,17060306138874.47,6012424356441.07
2019-11-26,23093189799412.05,17071257086475.21,6021932712936.84
2019-11-27,23076065396434.08,17072351276237.79,6003714120196.29
2019-11-29,23076198934547.7,17105420783631.03,5970778150916.67
2019-12-02,23104975299128.72,17133902192278.59,5971073106850.13
2019-12-03,23088270750961.77,17122442409062.3,5965828341899.47
2019-12-04,23089914098997.55,17123729318548.02,5966184780449.53
2019-12-05,23091135155881.25,17122608802571.39,5968526353309.86
2019-12-06,23090050191986.99,17123206920733.52,5966843271253.47
2019-12-09,23096982431273.97,17123396867371.36,5973585563902.61
2019-12-10,23083091432274.61,17104589566400.81,5978501865873.8
2019-12-11,23069400573219.26,17105930691931.67,5963469881287.59
2019-12-12,23053720112278.14,17088776732111.07,5964943380167.07
2019-12-13,23050442180309.76,17088790373343.72,5961651806966.04
2019-12-16,23108183009514.16,17141625359793.44,5966557649720.72
2019-12-17,23111464945605.77,17130346074574.3,5981118871031.47
2019-12-18,23099553825054.78,17132697641060.15,5966856183994.63
2019-12-19,23087583496360.18,17131574400641.15,5956009095719.03
2019-12-20,23086685242023.66,17131413769703.14,5955271472320.52
2019-12-23,23114180466630.56,17132275166528.98,5981905300101.58
2019-12-24,23079983443409.74,17116045374902.84,5963938068506.9
2019-12-26,23087322171475.93,17114921532287.18,5972400639188.75
2019-12-27,23107769339832.41,17133179633230.29,5974589706602.12
2019-12-30,23108827795092.86,17133687951263.3,5975139843829.56
2019-12-31,23201380134806.73,17170442487631.56,6030937647175.17
2020-01-02,23171999133830.77,17162410209193.34,6009588924637.43
2020-01-03,23170446328690.63,17163322135882.56,6007124192808.07
2020-01-06,23177144885141.89,17164653477030.9,6012491408110.99
2020-01-07,23176941125326.93,17156739031334.51,6020202093992.42
2020-01-08,23162752866961.31,17157849214410.19,6004903652551.12
2020-01-09,23167896598092.57,17156951436901.08,6010945161191.49
2020-01-10,23167150977339.08,17156730423383.93,6010420553955.15
2020-01-13,23169812958839.8,17156747242357.46,6013065716482.34
2020-01-14,23169005511211.19,17147212900497.28,6021792610713.91
2020-01-15,23194094220717.31,17178181916235.2,6015912304482.11
2020-01-16,23204331499429.68,17181120501870.3,6023210997559.38
2020-01-17,23211224948370.91,17181334850319.92,6029890098050.99
2020-01-21,23210413917317.85,17177048615525.42,6033365301792.43
2020-01-22,23205218318274.01,17176915487937.35,6028302830336.66
2020-01-23,23206605224315.72,17176161533753.88,6030443690561.84
2020-01-24,23209700605761.0,17176424212742.16,6033276393018.84
2020-01-27,23222353201896.43,17176269107221.96,6046084094674.47
2020-01-28,23243925228178.19,17188354212009.22,6055571016168.97
2020-01-29,23245086960945.3,17188840195892.68,6056246765052.62
2020-01-30,23251562887364.32,17194272626660.47,6057290260703.85
2020-01-31,23223812882713.14,17212634807910.27,6011178074802.87
2020-02-03,23205880808457.79,17210560808395.08,5995320000062.71
2020-02-04,23245675031890.21,17231339167986.9,6014335863903.31
2020-02-05,23246514802464.92,17231851760064.99,6014663042399.93
2020-02-06,23252918659478.48,17233617253756.13,6019301405722.35
2020-02-07,23251029947957.77,17233860739553.31,6017169208404.46
2020-02-10,23256356117175.05,17233671419422.3,6022684697752.75
2020-02-11,23290334555682.36,17259765072099.52,6030569483582.84
2020-02-12,23274098951494.08,17259686140675.27,6014412810818.81
2020-02-13,23305297151133.97,17288291326720.19,6017005824413.78
2020-02-14,23304810124087.34,17288287556566.37,6016522567520.97
2020-02-18,23351015383383.78,17325065170525.81,6025950212857.97
2020-02-19,23353218998160.83,17325696041762.02,6027522956398.81
2020-02-20,23392593917179.95,17364593991112.41,6027999926067.54
2020-02-21,23398029929177.72,17365452897838.3,6032577031339.42
2020-02-24,23406309603927.73,17365321695717.52,6040987908210.21
2020-02-25,23438814358270.5,17389166532970.41,6049647825300.09
2020-02-26,23426580610709.96,17389166301912.36,6037414308797.6
2020-02-27,23422686794507.87,17387809848199.62,6034876946308.25
2020-02-28,23409959150243.63,17413049915879.8,5996909234363.83
2020-03-02,23440845102431.9,17445649600708.22,5995195501723.68
2020-03-03,23454816785311.31,17458614220504.75,5996202564806.56
2020-03-04,23460602861523.26,17463941870439.26,5996660991084.0
2020-03-05,23469159863224.08,17469371163304.52,5999788699919.56
2020-03-06,23468667801947.78,17470002273480.2,5998665528467.58
2020-03-09,23473538836017.03,17470244172300.89,6003294663716.14
2020-03-10,23498697246332.51,17484257950944.52,6014439295387.99
2020-03-11,23483045370415.47,17484869638273.14,5998175732142.33
2020-03-12,23439923027258.37,17438473384294.44,6001449642963.93
2020-03-13,23442398235873.06,17441348876495.7,6001049359377.36
2020-03-16,23500759058643.52,17495252134765.03,6005506923878.49
2020-03-17,23528093917657.65,17506099534102.63,6021994383555.02
2020-03-18,23513590998174.08,17506638952920.28,6006952045253.8
2020-03-19,23515661447556.65,17505933295301.02,6009728152255.63
2020-03-20,23514534990918.53,17506352913010.65,6008182077907.88
2020-03-23,23517855054159.01,17507401138252.23,6010453915906.78
2020-03-24,23551586033384.42,17530592687171.67,6020993346212.75
2020-03-25,23542522737422.51,17530771851107.63,6011750886314.88
2020-03-26,23514801990505.63,17535603326374.89,5979198664130.74
2020-03-27,23535039888496.42,17553231839939.21,5981808048557.21
2020-03-30,23565055988243.25,17554731018699.21,6010324969544.04
2020-03-31,23686870812640.08,17674771266474.08,6012099546166.0
2020-04-01,23702260358910.18,17719077528190.93,5983182830719.25
2020-04-02,23833828188858.54,17834239216864.28,5999588971994.26
2020-04-03,23908330373765.41,17918595311923.59,5989735061841.82
2020-04-06,23917212663857.59,17919267151226.25,5997945512631.34
2020-04-07,24011523316653.36,18004963300482.19,6006560016171.17
2020-04-08,24111832049884.9,18110326875954.74,6001505173930.16
2020-04-09,24221670739204.35,18230730588326.65,5990940150877.7
2020-04-10,24211075873711.89,18230748262703.22,5980327611008.67
2020-04-13,24193090621134.8,18230750748315.02,5962339872819.78
2020-04-14,24301778443949.21,18338500813636.89,5963277630312.32
2020-04-15,24383926097361.86,18441034071127.88,5942892026233.98
2020-04-16,24465291180713.11,18524301170741.25,5940990009971.86
2020-04-17,24457934851076.35,18523734410806.52,5934200440269.83
2020-04-20,24460875058892.22,18523661184040.95,5937213874851.27
2020-04-21,24566847849564.04,18621943243238.81,5944904606325.23
2020-04-22,24609343550366.81,18686805288333.26,5922538262033.55
2020-04-23,24705155334862.85,18777828897162.24,5927326437700.61
2020-04-24,24710629086944.33,18778402028693.55,5932227058250.78
2020-04-27,24712305448594.89,18778813137549.29,5933492311045.6
2020-04-28,24802438295107.87,18869904429345.09,5932533865762.78
2020-04-29,24854078687272.52,18926928003279.46,5927150683993.06
2020-04-30,24974171868164.35,19053618801919.97,5920553066244.38
2020-05-01,24921325976814.49,19053597245289.71,5867728731524.78
2020-05-04,24948983700916.84,19053015574637.83,5895968126279.01
2020-05-05,25057924023406.8,19148572794844.95,5909351228561.85
2020-05-06,25058528802142.42,19148593687461.43,5909935114680.99
2020-05-07,25142400455245.54,19218562087514.65,5923838367730.89
2020-05-08,25153106379587.64,19219017143894.46,5934089235693.18
2020-05-11,25156700120950.8,19218863862523.55,5937836258427.25
2020-05-12,25204433195536.74,19260331227697.98,5944101967838.76
2020-05-13,25188757825113.86,19261307376968.67,5927450448145.19
2020-05-14,25267564712963.62,19340394561836.48,5927170151127.14
2020-05-15,25305611583377.26,19377052324026.68,5928559259350.58
2020-05-18,25311405971232.18,19376511582630.18,5934894388602.0
2020-05-19,25377291192421.1,19427688296012.27,5949602896408.83
2020-05-20,25361010008016.11,19429375108045.77,5931634899970.34
2020-05-21,25466764338935.22,19528469870929.41,5938294468005.81
2020-05-22,25513321429656.26,19568918500579.08,5944402929077.18
2020-05-26,25603968949904.7,19658296114369.51,5945672835535.19
2020-05-27,25583137364237.39,19658553133164.41,5924584231072.98
2020-05-28,25683672542543.7,19765841489593.14,5917831052950.56
2020-05-29,25746260186742.66,19812769028672.42,5933491158070.24
2020-06-01,25751470039699.29,19868879659973.24,5882590379726.05
2020-06-02,25841593753888.41,19948717654707.95,5892876099180.46
2020-06-03,25830128553708.56,19948602683005.32,5881525870703.24
2020-06-04,25920085643029.88,20031546217610.87,5888539425419.01
2020-06-05,25919713597957.67,20031293630338.74,5888419967618.93
2020-06-08,25960547920986.11,20061738133725.58,5898809787260.53
2020-06-09,26003751512344.91,20096761240012.96,5906990272331.95
2020-06-10,25986929485659.72,20096329220086.49,5890600265573.23
2020-06-11,26062666877228.16,20165903564781.3,5896763312446.86
2020-06-12,26062414750696.08,20166569027872.95,5895845722823.13
2020-06-15,26131295159191.85,20230458100915.75,5900837058276.1
2020-06-16,26153612132050.86,20241259986107.24,5912352145943.62
2020-06-17,26144482303590.01,20241116522461.44,5903365781128.57
2020-06-18,26233671903448.33,20327930887347.94,5905741016100.39
2020-06-19,26240743198945.18,20336112764745.13,5904630434200.05
2020-06-22,26243843047358.83,20335130195671.64,5908712851687.19
2020-06-23,26251734793147.0,20340264414421.01,5911470378725.99
2020-06-24,26237813113801.78,20340847570951.0,5896965542850.78
2020-06-25,26301202679011.4,20408678291738.93,5892524387272.47
2020-06-26,26316891194350.53,20428175376968.14,5888715817382.39
2020-06-29,26324627931089.54,20427662059462.73,5896965871626.81
2020-06-30,26477240853124.76,20530278232389.35,5946962620735.41
2020-07-01,26428966231117.14,20524313675569.22,5904652555547.92
2020-07-02,26457079712930.87,20559461021603.62,5897618691327.25
2020-07-03,26447922718271.66,20559307340665.1,5888615377606.56
2020-07-06,26460356237035.6,20558806159126.36,5901550077909.24
2020-07-07,26460834237030.55,20554746176759.01,5906088060271.54
2020-07-08,26446746378610.82,20556762712165.8,5889983666445.02
2020-07-09,26487808758250.95,20583805536797.77,5904003221453.18
2020-07-10,26485086596340.4,20583643590483.9,5901443005856.5
2020-07-13,26488101200376.64,20583461928475.0,5904639271901.64
2020-07-14,26449651770256.05,20539873335812.51,5909778434443.54
2020-07-15,26485472440060.92,20574380830507.8,5911091609553.12
2020-07-16,26529260218229.28,20611921079550.83,5917339138678.45
2020-07-17,26532365407349.11,20612219680437.71,5920145726911.4
2020-07-20,26534120918261.29,20612265803536.08,5921855114725.21
2020-07-21,26505865411300.56,20568775046149.69,5937090365150.87
2020-07-22,26491770885265.01,20571200822079.13,5920570063185.88
2020-07-23,26538874728557.87,20614085168487.62,5924789560070.25
2020-07-24,26536793171015.79,20613985069366.96,5922808101648.83
2020-07-27,26546684671557.74,20613829476218.54,5932855195339.2
2020-07-28,26521548685169.55,20584109576599.66,5937439108569.89
2020-07-29,26520405065059.57,20584415231346.35,5935989833713.22
2020-07-30,26505315299968.98,20571972112207.36,5933343187761.62
2020-07-31,26524953451577.6,20634399708136.4,5890553743441.2
2020-08-03,26511154964130.06,20631639311469.31,5879515652660.75
2020-08-04,26503237558721.18,20607116213547.84,5896121345173.34
2020-08-05,26504299529617.46,20608720828297.64,5895578701319.82
2020-08-06,26498332917065.93,20601228490475.07,5897104426590.86
2020-08-07,26498433296171.26,20601430782095.04,5897002514076.22
2020-08-10,26505487475114.56,20602395595705.06,5903091879409.5
2020-08-11,26503149692571.25,20593555758439.35,5909593934131.9
2020-08-12,26488804368148.22,20595620290631.63,5893184077516.59
2020-08-13,26509696627544.92,20614305019013.95,5895391608530.97
2020-08-14,26508740015342.72,20614743112528.87,5893996902813.85
2020-08-17,26579844296584.21,20675781863412.34,5904062433171.87
2020-08-18,26595002097388.92,20677341061204.9,5917661036184.02
2020-08-19,26578127138617.4,20677829765197.63,5900297373419.77
2020-08-20,26595600802892.36,20686047542443.54,5909553260448.82
2020-08-21,26597012529633.31,20686347281326.49,5910665248306.82
2020-08-24,26600103727195.86,20687039152758.81,5913064574437.05
2020-08-25,26626287679890.05,20698890567632.38,5927397112257.67
2020-08-26,26609025392188.46,20699215627374.74,5909809764813.72
2020-08-27,26615653156685.81,20706040194248.8,5909612962437.01
2020-08-28,26636913440875.36,20728399179895.89,5908514260979.47
2020-08-31,26728835852386.44,20822038395784.06,5906797456602.38
2020-09-01,26702951324045.57,20831829321818.21,5871122002227.36
2020-09-02,26711487941945.07,20832904201163.69,5878583740781.38
2020-09-03,26722674780085.17,20842647539754.64,5880027240330.53
2020-09-04,26723310248572.09,20843497254129.55,5879812994442.54
2020-09-08,26699373179014.46,20814037207734.74,5885335971279.72
2020-09-09,26697223377634.21,20818231086830.76,5878992290803.45
2020-09-10,26709549160348.85,20833992369400.21,5875556790948.64
2020-09-11,26710879019992.35,20834490036761.48,5876388983230.87
2020-09-14,26715075761648.94,20835330718048.11,5879745043600.83
2020-09-15,26790503839118.28,20899183125928.77,5891320713189.51
2020-09-16,26781538166909.73,20901066700028.11,5880471466881.62
2020-09-17,26790444416958.18,20902736906992.54,5887707509965.64
2020-09-18,26790387783683.69,20903123720719.24,5887264062964.45
2020-09-21,26794667844055.65,20903518934800.92,5891148909254.73
2020-09-22,26790985511731.68,20890403542124.78,5900581969606.9
2020-09-23,26777801957982.87,20890465946735.07,5887336011247.8
2020-09-24,26786132350373.35,20891109397593.75,5895022952779.6
2020-09-25,26810898511924.31,20913614093095.84,5897284418828.47
2020-09-28,26811409726497.33,20912955980381.15,5898453746116.18
2020-09-29,26790408849122.94,20903722526048.68,5886686323074.26
2020-09-30,26945391194615.15,21018952080385.63,5926439114229.52
2020-10-01,27026921935432.41,21015326142875.29,6011595792557.12
2020-10-02,27044691830010.18,21015385461953.38,6029306368056.8
2020-10-05,27051135958210.0,21016404227199.88,6034731731010.12
2020-10-06,27052190118519.27,21008381342943.4,6043808775575.87
2020-10-07,27052995507253.19,21010465532077.43,6042529975175.76
2020-10-08,27073107016982.31,21025422363846.53,6047684653135.78
2020-10-09,27072681346372.85,21025048295574.08,6047633050798.77
2020-10-13,27067070156504.96,21016869712763.46,6050200443741.5
2020-10-14,27057862724692.08,21017955322855.86,6039907401836.22
2020-10-15,27143665414431.6,21097401111521.33,6046264302910.27
2020-10-16,27148328723988.33,21097612015329.51,6050716708658.82
2020-10-19,27157714670625.73,21097983329140.83,6059731341484.9
2020-10-20,27155311344302.57,21089258084152.73,6066053260149.84
2020-10-21,27140764457927.75,21090454496181.8,6050309961745.95
2020-10-22,27150835685981.61,21084374495610.87,6066461190370.74
2020-10-23,27163485600954.95,21083992291444.08,6079493309510.87
2020-10-26,27179997734407.28,21083127197363.99,6096870537043.29
2020-10-27,27175866775866.84,21074340817490.1,6101525958376.74
2020-10-28,27167439451090.65,21076243138324.22,6091196312766.43
2020-10-29,27169498275690.7,21079776286056.41,6089721989634.29
2020-10-30,27135476803126.2,21096955697143.0,6038521105983.2
2020-11-02,27203384382939.29,21166249325865.81,6037135057073.48
2020-11-03,27196575068455.06,21158510032160.09,6038065036294.97
2020-11-04,27196969007863.83,21158958097657.07,6038010910206.76
2020-11-05,27216985032997.07,21172491717247.34,6044493315749.73
2020-11-06,27214493516511.3,21172132485311.66,6042361031199.64
2020-11-09,27219898895662.87,21173686134292.27,6046212761370.6
2020-11-10,27197735272347.02,21163144517488.27,6034590754858.75
2020-11-12,27190176826089.04,21157165930153.58,6033010895935.46
2020-11-13,27191785502973.95,21157219754436.15,6034565748537.8
2020-11-16,27257698674893.38,21217654666054.23,6040044008839.15
2020-11-17,27261990224569.86,21209227717633.17,6052762506936.69
2020-11-18,27246599172457.42,21209702993449.06,6036896179008.36
2020-11-19,27248063291167.42,21207842418951.08,6040220872216.34
2020-11-20,27247178240840.79,21207839089467.21,6039339151373.58
2020-11-23,27254415603147.34,21208012856822.73,6046402746324.61
2020-11-24,27270015919983.3,21198286608971.91,6071729311011.39
2020-11-25,27254190181280.2,21197640169859.85,6056550011420.35
2020-11-27,27275615496401.16,21218611743445.49,6057003752955.67
2020-11-30,27446288188250.17,21349471573310.81,6096816614939.36
2020-12-01,27406075682380.51,21342192975117.14,6063882707263.37
2020-12-02,27412313165105.64,21341926023922.18,6070387141183.46
2020-12-03,27414107838762.23,21356282431555.87,6057825407206.36
2020-12-04,27414116147283.7,21355692695821.43,6058423451462.27
2020-12-07,27414744544020.51,21354702143101.98,6060042400918.53
2020-12-08,27422773335572.05,21354421153858.66,6068352181713.39
2020-12-09,27405075760879.61,21354173060785.25,6050902700094.36
2020-12-10,27385824169513.51,21351415809631.68,6034408359881.83
2020-12-11,27385422383169.47,21351136018070.62,6034286365098.85
2020-12-14,27390656339382.97,21350931649169.06,6039724690213.91
2020-12-15,27512762494452.83,21448041180088.84,6064721314363.99
2020-12-16,27500507616153.3,21447890639089.95,6052616977063.35
2020-12-17,27506888886871.57,21446462125522.42,6060426761349.15
2020-12-18,27491466213356.16,21446525279996.38,6044940933359.78
2020-12-21,27512907024042.97,21447615134294.27,6065291889748.7
2020-12-22,27522316089611.33,21447826256733.93,6074489832877.4
2020-12-23,27516726861187.59,21448157219574.36,6068569641613.23
2020-12-24,27515510591804.39,21445028388848.74,6070482202955.65
2020-12-28,27542538204997.2,21468928694819.93,6073609510177.27
2020-12-29,27550830638181.22,21468460859105.23,6082369779075.99
2020-12-30,27560508897871.53,21468468575442.99,6092040322428.54
2020-12-31,27747797947667.77,21632418904104.24,6115379043563.53
2021-01-04,27678274970427.93,21593320887989.85,6084954082438.08
2021-01-05,27698157413805.41,21593996935176.88,6104160478628.53
2021-01-06,27698985949990.94,21595719334374.14,6103266615616.8
2021-01-07,27683250886478.03,21578759710032.75,6104491176445.28
2021-01-08,27683047233206.98,21578440452769.64,6104606780437.34
2021-01-11,27688247384755.74,21578169824451.13,6110077560304.61
2021-01-12,27696790654169.24,21578917911758.87,6117872742410.37
2021-01-13,27679400859865.77,21578677363278.05,6100723496587.72
2021-01-14,27682228608521.37,21578746189841.36,6103482418680.01
2021-01-15,27746805381280.29,21636517013516.31,6110288367763.98
2021-01-19,27752835868445.35,21636377183394.06,6116458685051.29
2021-01-20,27751896236414.77,21636823777934.2,6115072458480.57
2021-01-21,27756349666620.64,21637683073629.37,6118666592991.27
2021-01-22,27759636538417.78,21637423058071.62,6122213480346.16
2021-01-25,27772351753617.32,21637228235730.23,6135123517887.09
2021-01-26,27781746808072.29,21637251950547.69,6144494857524.6
2021-01-27,27768470977306.81,21637005700680.28,6131465276626.53
2021-01-28,27759906011554.99,21629076639325.49,6130829372229.5
2021-01-29,27784553033005.01,21643914788373.87,6140638244631.14
2021-02-01,27829150493520.76,21749185105265.67,6079965388255.09
2021-02-02,27865230460764.72,21749769083601.99,6115461377162.73
2021-02-03,27851050265776.27,21749198726415.67,6101851539360.6
2021-02-04,27855095022203.36,21749849416330.32,6105245605873.04
2021-02-05,27852793260712.71,21749421729798.54,6103371530914.17
2021-02-08,27856071118571.0,21748983640187.66,6107087478383.34
2021-02-09,27865146522244.52,21750064316585.32,6115082205659.2
2021-02-10,27846645214540.71,21749873858579.46,6096771355961.25
2021-02-11,27847464517205.79,21750215558801.93,6097248958403.86
2021-02-12,27851334019601.64,21750134546625.46,6101199472976.18
2021-02-16,27920544756665.9,21812094982567.85,6108449774098.05
2021-02-17,27920237579532.83,21813601430017.64,6106636149515.19
2021-02-18,27921963590732.7,21815155663420.02,6106807927312.68
2021-02-19,27923264909521.91,21815173302843.39,6108091606678.52
2021-02-22,27930606549563.46,21814986156287.54,6115620393275.92
2021-02-23,27885675004855.99,21760225183554.82,6125449821301.17
2021-02-24,27919022842843.97,21760562112279.96,6158460730564.01
2021-02-25,27873148540805.79,21720690635919.88,6152457904885.91
2021-02-26,27902363734475.7,21755737194886.79,6146626539588.91
2021-03-01,28004376276999.35,21892679686044.9,6111696590954.45
2021-03-02,27992701172715.77,21867120542751.5,6125580629964.27
2021-03-03,27979484123121.26,21868041292592.76,6111442830528.5
2021-03-04,27954980988336.06,21839665607325.16,6115315381010.9
2021-03-05,27954473950596.68,21839426762340.37,6115047188256.31
2021-03-08,27960192746994.08,21840832521438.53,6119360225555.55
2021-03-09,27944756420180.92,21816488165178.86,6128268255002.06
2021-03-10,27926627063040.16,21816186445186.04,6110440617854.12
2021-03-11,27900419069251.4,21786545592808.25,6113873476443.15
2021-03-12,27900359579144.99,21786192668157.33,6114166910987.66
2021-03-15,28002013491777.51,21884779949875.56,6117233541901.95
2021-03-16,27983623734044.46,21859707934095.31,6123915799949.15
2021-03-17,27974923694421.5,21860431420016.47,6114492274405.03
2021-03-18,27966782716712.25,21843029123525.67,6123753593186.58
2021-03-19,27965655597214.4,21842856763372.97,6122798833841.43
2021-03-22,27969779712167.83,21843202077965.73,6126577634202.1
2021-03-23,27996356562275.91,21839458802764.32,6156897759511.59
2021-03-24,27979745914485.97,21840451485509.25,6139294428976.72
2021-03-25,27963138826148.12,21816092391527.85,6147046434620.27
2021-03-26,27987530656554.73,21842176297659.89,6145354358894.84
2021-03-29,27990843257187.65,21842878877827.13,6147964379360.52
2021-03-30,27989245974557.43,21838638166663.87,6150607807893.56
2021-03-31,28132570303600.16,21986937011551.51,6145633292048.65
2021-04-01,28081128042930.95,21971261601025.54,6109866441905.41
2021-04-02,28073739716650.42,21971382795810.88,6102356920839.54
2021-04-05,28081621686081.66,21971846913110.56,6109774772971.1
2021-04-06,28085612206576.05,21967081393360.53,6118530813215.52
2021-04-07,28089120489144.2,21969175984437.34,6119944504706.86
2021-04-08,28081511424807.03,21955652659993.17,6125858764813.86
2021-04-09,28082988642053.9,21955507026274.01,6127481615779.89
2021-04-12,28091635214102.07,21956369879520.92,6135265334581.15
2021-04-13,28097586324063.15,21952364512797.69,6145221811265.46
2021-04-14,28083596636006.48,21952862957614.43,6130733678392.05
2021-04-15,28145013813816.28,21998736063710.95,6146277750105.33
2021-04-16,28155537048080.39,21998770702762.4,6156766345317.99
2021-04-19,28167561442228.4,21999763091557.03,6167798350671.37
2021-04-20,28170424219866.1,21985255784645.15,6185168435220.95
2021-04-21,28155021027471.56,21985230010323.22,6169791017148.34
2021-04-22,28128968798006.36,21957143354386.65,6171825443619.71
2021-04-23,28134158384220.1,21957478261707.4,6176680122512.7
2021-04-26,28143004395360.31,21957004963472.52,6185999431887.79
2021-04-27,28132251139319.4,21942657046607.38,6189594092712.02
2021-04-28,28111961882698.12,21943200600097.29,6168761282600.83
2021-04-29,28090166581746.91,21925659073777.93,6164507507968.98
2021-04-30,28174714484167.37,22056055138417.67,6118659345749.7
2021-05-03,28162427831756.43,22057630882663.13,6104796949093.3
2021-05-04,28175399394914.91,22042988570983.82,6132410823931.09
2021-05-05,28177871288714.44,22043397487051.74,6134473801662.7
2021-05-06,28176306016169.05,22019115149377.72,6157190866791.33
2021-05-07,28174835555589.42,22018250706027.92,6156584849561.5
2021-05-10,28180737838308.48,22019330546782.03,6161407291526.45
2021-05-11,28172932689523.23,22004657189638.04,6168275499885.19
2021-05-12,28157162848235.73,22005318639866.77,6151844208368.96
2021-05-13,28138407466415.05,21983347992327.39,6155059474087.66
2021-05-14,28139837994282.0,21983509838155.76,6156328156126.24
2021-05-17,28233615342006.33,22061105531880.52,6172509810125.81
2021-05-18,28231915800364.06,22042727374398.33,6189188425965.73
2021-05-19,28217302792522.09,22043405514971.15,6173897277550.94
2021-05-20,28201780457814.49,22023368939277.47,6178411518537.02
2021-05-21,28203454280075.29,22023188769144.74,6180265510930.55
2021-05-24,28213643450324.57,22024524562636.98,6189118887687.59
2021-05-25,28204683179222.85,22005337838702.23,6199345340520.62
2021-05-26,28187728565146.2,22005892292174.8,6181836272971.4
2021-05-27,28163641538608.22,21983687097488.36,6179954441119.86
2021-05-28,28199008338520.65,22020939013605.78,6178069324914.87
2021-06-01,28261932956327.41,22134003260072.17,6127929696255.24
2021-06-02,28276889497017.57,22135045676297.94,6141843820719.63
2021-06-03,28241943205125.46,22111555489083.39,6130387716042.07
2021-06-04,28258176695008.39,22112452092666.69,6145724602341.7
2021-06-07,28264344438395.3,22113630122093.77,6150714316301.53
2021-06-08,28233539905296.77,22119292849172.19,6114247056124.58
2021-06-09,28217840010776.35,22120188903981.41,6097651106794.94
2021-06-10,28198921278374.51,22097330750279.91,6101590528094.6
2021-06-11,28199194121927.28,22097493949541.56,6101700172385.72
2021-06-14,28206985446009.0,22098725144893.53,6108260301115.47
2021-06-15,28321677015913.38,22199581858833.24,6122095157080.14
2021-06-16,28311074615442.85,22200126454792.78,6110948160650.07
2021-06-17,28295877633137.04,22173891789491.61,6121985843645.43
2021-06-18,28295959242966.26,22174123894523.93,6121835348442.33
2021-06-21,28303716532582.24,22175169756124.23,6128546776458.01
2021-06-22,28318681114471.56,22180632086932.28,6138049027539.28
2021-06-23,28304908429633.99,22183392725037.2,6121515704596.79
2021-06-24,28321919276332.61,22187767708506.51,6134151567826.1
2021-06-25,28337301366441.99,22205687956460.57,6131613409981.42
2021-06-28,28351245656987.95,22206789980507.9,6144455676480.05
2021-06-29,28332321921671.58,22182683339412.07,6149638582259.51
2021-06-30,28529435873139.77,22329822962202.0,6199612910937.77
2021-07-01,28486498619912.01,22327776340518.48,6158722279393.53
2021-07-02,28480590009488.49,22328099402276.35,6152490607212.14
2021-07-06,28465564176716.37,22306603924620.3,6158960252096.07
2021-07-07,28472470039753.26,22306770866015.64,6165699173737.62
2021-07-08,28480154358537.5,22314776050830.43,6165378307707.07
2021-07-09,28485495680238.32,22315029737100.17,6170465943138.15
2021-07-12,28490245056759.44,22314724385689.48,6175520671069.96
2021-07-13,28477074400184.39,22289663938121.45,6187410462062.94
2021-07-14,28461155746162.69,22290773813444.3,6170381932718.39
2021-07-15,28522128606576.79,22345372642438.45,6176755964138.34
2021-07-16,28523016771597.55,22344306552282.47,6178710219315.08
2021-07-19,28533223139069.34,22344214950191.29,6189008188878.05
2021-07-20,28493308345632.59,22304036228186.43,6189272117446.16
2021-07-21,28474164538718.48,22303232541301.08,6170931997417.4
2021-07-22,28471271832274.48,22296153948889.77,6175117883384.71
2021-07-23,28474940683516.7,22299532173727.06,6175408509789.64
2021-07-26,28488288239524.42,22299753466971.75,6188534772552.67
2021-07-27,28487900218736.96,22289709886684.45,6198190332052.51
2021-07-28,28483600316839.07,22289101510534.79,6194498806304.28
2021-07-29,28460129798094.46,22267029586371.88,6193100211722.58
2021-07-30,28427721872418.7,22284627647306.26,6143094225112.44
2021-08-02,28427698645832.16,22293275208582.66,6134423437249.5
2021-08-03,28427696163099.45,22281416341623.29,6146279821476.16
2021-08-04,28427684511594.88,22280521336952.44,6147163174642.44
2021-08-05,28427697750841.17,22277470458069.36,6150227292771.81
2021-08-06,28427686085098.39,22278553023249.22,6149133061849.17
2021-08-09,28427651083061.54,22270829338089.78,6156821744971.76
2021-08-10,28427648684826.45,22261696511328.14,6165952173498.31
2021-08-11,28427636980645.24,22279129327736.47,6148507652908.77
2021-08-12,28427678854301.03,22275214277846.82,6152464576454.21
2021-08-13,28427667188235.3,22275281971506.72,6152385216728.58
2021-08-16,28427632315916.89,22264523807491.39,6163108508425.5
2021-08-17,28427629895149.51,22250414879625.43,6177215015524.08
2021-08-18,28427618261309.59,22265522025850.47,6162096235459.12
2021-08-19,28427636801890.59,22259020798508.09,6168616003382.5
2021-08-20,28427625037837.37,22256434599033.89,6171190438803.48
2021-08-23,28427589740363.6,22251584529470.09,6176005210893.51
2021-08-24,28427586466199.61,22237978420871.84,6189608045327.77
2021-08-25,28427574705911.53,22248957391524.21,6178617314387.32
2021-08-26,28427588849487.8,22241122967198.27,6186465882289.53
2021-08-27,28427577000673.83,22243672524384.31,6183904476289.52
2021-08-30,28427541449975.33,22246920959895.58,6180620490079.75
2021-08-31,28427317184527.64,22254543554131.93,6172773630395.71
2021-09-01,28427305334966.71,22292652192807.87,6134653142158.84
2021-09-02,28427316469752.46,22282258638442.67,6145057831309.79
2021-09-03,28427304587590.49,22290288845635.85,6137015741954.64
2021-09-07,28427265682593.52,22282683988638.66,6144581693954.86
2021-09-08,28427253797538.22,22293378330153.58,6133875467384.64
2021-09-09,28427291338987.36,22295049268428.03,6132242070559.33
2021-09-10,28427279472888.27,22293297812749.98,6133981660138.29
2021-09-13,28427243869594.37,22289670277991.72,6137573591602.65
2021-09-14,28427240863627.95,22282916629210.18,6144324234417.77
2021-09-15,28427228984208.34,22294050150299.86,6133178833908.48
2021-09-16,28427235095045.28,22284196732219.11,6143038362826.17
2021-09-17,28427223240230.33,22278261586551.23,6148961653679.1
2021-09-20,28427187672497.6,22272829494666.71,6154358177830.89
2021-09-21,28427183956002.04,22261385155784.91,6165798800217.13
2021-09-22,28427172086337.02,22272250116489.61,6154921969847.41
2021-09-23,28427175063939.33,22268769908383.62,6158405155555.71
2021-09-24,28427163296425.43,22258560217860.66,6168603078564.77
2021-09-27,28427127989083.09,22256338250050.82,6170789739032.27
2021-09-28,28427121748927.24,22264101485917.49,6163020263009.75
2021-09-29,28427110002453.46,22270512165443.39,6156597837010.07
2021-09-30,28428918570048.68,22282900363084.77,6146018206963.91
2021-10-01,28428906947685.31,22199006158679.03,6229900789006.28
2021-10-04,28428872075789.94,22179617080290.56,6249254995499.38
2021-10-05,28428867646932.09,22157021989946.12,6271845656985.97
2021-10-06,28428856040882.84,22157751249505.98,6271104791376.86
2021-10-07,28428899839341.2,22153679070742.42,6275220768598.78
2021-10-08,28428888207157.81,22150090021441.85,6278798185715.96
2021-10-12,28428852295670.32,22143378621203.66,6285473674466.66
2021-10-13,28428844195073.2,22151823777639.84,6277020417433.36
2021-10-14,28728168806393.45,22395833436622.8,6332335369770.65
2021-10-15,28754078782950.1,22413003451825.17,6341075331124.93
2021-10-18,28821275356993.53,22474664369899.09,6346610987094.44
2021-10-19,28842489318660.4,22480805952712.5,6361683365947.9
2021-10-20,28828878392199.23,22481409657642.12,6347468734557.11
2021-10-21,28881233681285.16,22527510913093.78,6353722768191.38
2021-10-22,28908802032424.21,22588315019747.81,6320487012676.4
2021-10-25,28908766496109.85,22589729855507.01,6319036640602.84
2021-10-26,28908768513744.76,22610118974697.78,6298649539046.98
2021-10-27,28908756563334.38,22625211651178.41,6283544912155.97
2021-10-28,28908774731742.71,22630942029555.55,6277832702187.16
2021-10-29,28908765340554.33,22637089774173.57,6271675566380.76
2021-11-01,28908753234999.69,22679949022472.05,6228804212527.64
2021-11-02,28908755128404.26,22659988386285.71,6248766742118.55
2021-11-03,28908742983143.05,22675030332554.53,6233712650588.52
2021-11-04,28908820096412.53,22671766540621.87,6237053555790.66
2021-11-05,28908807882170.39,22670992194387.46,6237815687782.93
2021-11-08,28908771234834.89,22666121515143.27,6242649719691.62
2021-11-09,28908769065782.06,22658378416183.86,6250390649598.2
2021-11-10,28908756850909.49,22675886752959.4,6232870097950.09
2021-11-12,28908756692386.32,22677433647927.06,6231323044459.26
2021-11-15,28908720142454.06,22670153105823.14,6238567036630.92
2021-11-16,28908718629536.93,22660119082556.45,6248599546980.48
2021-11-17,28908706567725.26,22670201064177.64,6238505503547.62
2021-11-18,28908721997192.37,22666644776856.15,6242077220336.22
2021-11-19,28908709913210.12,22666452417440.08,6242257495770.04
2021-11-22,28908673656751.15,22657307458326.65,6251366198424.5
2021-11-23,28908675219435.89,22645808245114.56,6262866974321.33
2021-11-24,28908663008400.59,22651368137283.3,6257294871117.29
2021-11-26,28908671966903.25,22648879890396.04,6259792076507.21
2021-11-29,28908634920526.41,22645683122576.67,6262951797949.74
2021-11-30,28907986914620.48,22645911986862.15,6262074927758.33
2021-12-01,28907974567922.79,22679533846580.46,6228440721342.33
2021-12-02,28908093498988.46,22691973960299.16,6216119538689.3
2021-12-03,28908080867101.19,22688917422422.73,6219163444678.46
2021-12-06,28908042968539.34,22685354502861.49,6222688465677.85
2021-12-07,28908044014251.51,22679802644448.84,6228241369802.67
2021-12-08,28908031211073.83,22688938594240.6,6219092616833.23
2021-12-09,28908056570613.87,22686195368295.52,6221861202318.35
2021-12-10,28908043641448.41,22686899887990.36,6221143753458.05
2021-12-13,28908004857445.12,22684045769218.64,6223959088226.48
2021-12-14,28908004807295.13,22674771054977.96,6233233752317.17
2021-12-15,28907991955973.38,22571130981329.51,6336860974643.87
2021-12-16,29206281597429.63,22799216577400.12,6407065020029.51
2021-12-17,29219162160636.54,22801698897579.86,6417463263056.68
2021-12-20,29227234350837.28,22804697508280.0,6422536842557.28
2021-12-21,29323617110064.25,22891867408153.57,6431749701910.68
2021-12-22,29371119029875.94,22954312648527.14,6416806381348.8
2021-12-23,29364845916478.98,22938284268590.05,6426561647888.93
2021-12-24,29366487278631.21,22938681857522.76,6427805421108.45
2021-12-27,29392499945489.9,22942742141336.9,6449757804153.0
2021-12-28,29470201773029.74,23011724666665.37,6458477106364.37
2021-12-29,29473751154659.92,23014779515683.95,6458971638975.97
2021-12-30,29494802867965.6,23032719604617.45,6462083263348.15
2021-12-31,29617214856051.75,23143747354717.21,6473467501334.54
2022-01-03,29561913979100.59,23144361951919.29,6417552027181.3
2022-01-04,29684795727298.77,23211833164968.02,6472962562330.75
2022-01-05,29688711799683.89,23214140155933.97,6474571643749.92
2022-01-06,29711273060203.84,23229972540996.6,6481300519207.24
2022-01-07,29712206809284.68,23229647025413.05,6482559783871.63
2022-01-10,29721316241512.87,23231536681984.59,6489779559528.28
2022-01-11,29798686421059.41,23297954520520.72,6500731900538.69
2022-01-12,29782260926262.9,23298964278988.09,6483296647274.81
2022-01-13,29744356363065.92,23257631673763.52,6486724689302.4
2022-01-14,29744955877708.72,23257604801754.91,6487351075953.81
2022-01-18,29868786972155.16,23343151893368.79,6525635078786.37
2022-01-19,29850619689684.7,23344873734139.9,6505745955544.8
2022-01-20,29867021509573.92,23357247989199.74,6509773520374.18
2022-01-21,29872478049038.47,23358107262787.03,6514370786251.44
2022-01-24,29881277514277.8,23359986549166.17,6521290965111.63
2022-01-25,29922910183810.92,23388573688602.23,6534336495208.69
2022-01-26,29911026945197.44,23389827511089.61,6521199434107.83
2022-01-27,29924269641846.11,23396325976939.3,6527943664906.81
2022-01-28,29923547295151.27,23396713465058.67,6526833830092.6
2022-01-31,30012386059238.29,23487180861724.36,6525205197513.93
2022-02-01,30006703853708.68,23514256725319.07,6492447128389.61
2022-02-02,30003214001317.09,23514973913252.55,6488240088064.54
2022-02-03,29997348065352.64,23520768810384.49,6476579254968.15
2022-02-04,30000735946967.99,23520871235145.52,6479864711822.47
2022-02-07,30006559494788.12,23520665528247.36,6485893966540.76
2022-02-08,30044308711213.55,23546487028994.99,6497821682218.56
2022-02-09,30026315620292.26,23546381809272.5,6479933811019.76
2022-02-10,30036167906443.71,23552446303427.89,6483721603015.82
2022-02-11,30037556218178.22,23552900361237.27,6484655856940.95
2022-02-14,30040321184028.23,23553290709911.88,6487030474116.35
2022-02-15,30131747139602.4,23629210092090.68,6502537047511.72
2022-02-16,30117444531577.68,23630364799178.54,6487079732399.14
2022-02-17,30116594102929.26,23638496766854.49,6478097336074.77
2022-02-18,30136875054554.09,23639007666740.88,6497867387813.21
2022-02-22,30149602822218.27,23640796749421.98,6508806072796.29
2022-02-23,30147740479276.32,23643313423251.08,6504427056025.24
2022-02-24,30156745227539.43,23650094462737.71,6506650764801.72
2022-02-25,30181306040701.1,23674701459931.29,6506604580769.81
2022-02-28,30290352672788.26,23776559880654.69,6513792792133.57
2022-03-01,30239898882055.44,23760884566152.14,6479014315903.3
2022-03-02,30251604074765.14,23761655231136.13,6489948843629.01
2022-03-03,30245916343005.77,23767848090519.97,6478068252485.8
2022-03-04,30248093947990.39,23768629464692.05,6479464483298.34
2022-03-07,30255662304200.67,23769812566803.95,6485849737396.72
2022-03-08,30255122852682.82,23756027666634.96,6499095186047.86
2022-03-09,30239035813427.89,23756649906514.66,6482385906913.23
2022-03-10,30169155662145.01,23703290948350.7,6465864713794.31
2022-03-11,30171347673677.13,23704961287210.77,6466386386466.36
2022-03-14,30192743136499.51,23706410557359.65,6486332579139.86
2022-03-15,30269363487047.15,23772836781526.72,6496526705520.43
2022-03-16,30256993166299.52,23773649542061.15,6483343624238.37
2022-03-17,30281982928127.92,23786300309155.52,6495682618972.4
2022-03-18,30284575737668.34,23787659867729.49,6496915869938.85
2022-03-21,30292940101302.71,23789792101768.08,6503147999534.63
2022-03-22,30291043758532.6,23777405061375.42,6513638697157.18
2022-03-23,30278417333368.05,23778997678615.26,6499419654752.79
2022-03-24,30278646895828.99,23779423004315.7,6499223891513.29
2022-03-25,30310461979697.08,23802522106432.78,6507939873264.3
2022-03-28,30316415445123.62,23804407189474.3,6512008255649.32
2022-03-29,30295658229777.35,23774340616832.05,6521317612945.3
2022-03-30,30297725742214.85,23774952716381.74,6522773025833.11
2022-03-31,30400959928180.97,23879767750374.44,6521192177806.53
2022-04-01,30341730921413.68,23876871508574.59,6464859412839.09
2022-04-04,30360242388882.82,23877671033998.57,6482571354884.25
2022-04-05,30344759728429.97,23848224477303.94,6496535251126.03
2022-04-06,30346743836943.52,23847773785495.59,6498970051447.93
2022-04-07,30355560978807.42,23850625204969.95,6504935773837.47
2022-04-08,30358253372526.82,23849447857187.93,6508805515338.89
2022-04-11,30366149784776.56,23850958883454.16,6515190901322.4
2022-04-12,30353116155400.25,23827481704084.16,6525634451316.09
2022-04-13,30337948527881.09,23827992412843.03,6509956115038.06
2022-04-14,30348128378186.46,23831840440480.41,6516287937706.05
2022-04-15,30283200409185.07,23742712293275.44,6540488115909.63
2022-04-18,30420646059970.8,23868824106796.53,6551821953174.27
2022-04-19,30424031211100.86,23844892472878.59,6579138738222.27
2022-04-20,30409020743474.81,23844550883060.78,6564469860414.03
2022-04-21,30417821278854.39,23844948076493.78,6572873202360.61
2022-04-22,30420895865073.55,23845724960882.41,6575170904191.14
2022-04-25,30436599006622.81,23847559906008.04,6589039100614.77
2022-04-26,30429943152594.56,23833250536651.21,6596692615943.35
2022-04-27,30416607299745.21,23835678346099.82,6580928953645.39
2022-04-28,30402580500253.99,23824798178720.12,6577782321533.87
2022-04-29,30374154511898.01,23847245116757.6,6526909395140.41
2022-05-02,30402621901012.51,23875234532634.35,6527387368378.16
2022-05-03,30403398384128.46,23862621422333.01,6540776961795.45
2022-05-04,30410132998220.16,23864363727716.02,6545769270504.14
2022-05-05,30399297359286.48,23844952001831.4,6554345357455.08
2022-05-06,30405869003073.2,23846960649213.85,6558908353859.35
2022-05-09,30414687675786.97,23848804616521.92,6565883059265.05
2022-05-10,30413347630269.05,23836187718547.96,6577159911721.09
2022-05-11,30396277082105.5,23836594143128.62,6559682938976.88
2022-05-12,30382270349258.7,23818175829206.51,6564094520052.19
2022-05-13,30383299268879.53,23819289486265.17,6564009782614.36
2022-05-16,30446209092689.11,23873830600715.82,6572378491973.29
2022-05-17,30448917678953.58,23861554218139.08,6587363460814.5
2022-05-18,30433638163659.19,23862533970642.43,6571104193016.76
2022-05-19,30417290218588.6,23840146048104.13,6577144170484.47
2022-05-20,30416558370122.14,23838574996348.87,6577983373773.27
2022-05-23,30425272588115.25,23841258077655.25,6584014510460.0
2022-05-24,30436485213373.36,23832717230524.74,6603767982848.62
2022-05-25,30420927327550.9,23833748517379.58,6587178810171.32
2022-05-26,30401585043707.47,23809737647931.04,6591847395776.43
2022-05-27,30424491318227.5,23832623846690.77,6591867471536.73
2022-05-31,30499618521246.79,23904391446377.85,6595227074868.94
2022-06-01,30440978089256.71,23901123998249.97,6539854091006.74
2022-06-02,30425659073319.04,23880949611916.73,6544709461402.31
2022-06-03,30412550624776.76,23880625503340.64,6531925121436.12
2022-06-06,30420887219375.02,23882174574916.76,6538712644458.26
2022-06-07,30417587131946.16,23872184873595.67,6545402258350.49
2022-06-08,30416483347432.31,23872735297279.37,6543748050152.94
2022-06-09,30396764239689.3,23849445135818.63,6547319103870.67
2022-06-10,30395962543534.33,23849474859571.62,6546487683962.71
2022-06-13,30401228823317.56,23849889487367.57,6551339335949.99
2022-06-14,30402372009375.8,23840725394402.9,6561646614972.9
2022-06-15,30450427989813.29,23899977909751.77,6550450080061.52
2022-06-16,30436640164627.79,23876682603860.46,6559957560767.33
2022-06-17,30447724565578.89,23879069528264.11,6568655037314.78
2022-06-21,30444351824009.42,23870090956247.71,6574260867761.71
2022-06-22,30438441032259.4,23871683179793.21,6566757852466.19
2022-06-23,30422296050212.64,23852955061361.41,6569340988851.23
2022-06-24,30459118079859.7,23876061756550.94,6583056323308.76
2022-06-27,30465478903061.14,23877620707674.42,6587858195386.72
2022-06-28,30472631501345.25,23874198004998.78,6598433496346.47
2022-06-29,30471945407032.54,23874314385857.11,6597631021175.43
2022-06-30,30568582029058.95,23912159729664.37,6656422299394.58
2022-07-01,30486168799297.68,23907043409165.39,6579125390132.29
2022-07-05,30499767630042.65,23905300285648.7,6594467344393.95
2022-07-06,30523761181677.24,23907379587637.67,6616381594039.57
2022-07-07,30506236341875.02,23887764405631.71,6618471936243.31
2022-07-08,30508293809509.33,23885954225244.84,6622339584264.49
2022-07-11,30519301003393.25,23888492594959.37,6630808408433.88
2022-07-12,30524982128851.06,23884255855136.96,6640726273714.1
2022-07-13,30506853223701.66,23884607386844.94,6622245836856.72
2022-07-14,30492718741221.26,23869748457708.38,6622970283512.88
2022-07-15,30515298593937.76,23886461499060.7,6628837094877.06
2022-07-18,30523741048474.78,23888760234588.95,6634980813885.83
2022-07-19,30553663895660.26,23904694525375.66,6648969370284.6
2022-07-20,30532029905442.16,23905417095182.62,6626612810259.54
2022-07-21,30527597691286.76,23893927868017.57,6633669823269.19
2022-07-22,30529873257653.04,23894509345529.13,6635363912123.91
2022-07-25,30543559825181.4,23896763874312.44,6646795950868.96
2022-07-26,30598262922849.72,23937355436875.3,6660907485974.42
2022-07-27,30581630650266.54,23938026629298.98,6643604020967.56
2022-07-28,30580925386856.72,23934024135680.86,6646901251175.86
2022-07-29,30595108567190.06,23952579183056.89,6642529384133.17
2022-08-01,30536410540554.18,23941782429899.12,6594628110655.06
2022-08-02,30595969570769.77,23982476636558.98,6613492934210.79
2022-08-03,30581257828120.79,23982581351353.18,6598676476767.61
2022-08-04,30588576389112.46,23983681402419.74,6604894986692.72
2022-08-05,30589280234859.34,23983838470700.05,6605441764159.29
2022-08-08,30600925494647.66,23986683311303.22,6614242183344.44
2022-08-09,30651901663997.97,24027688178378.89,6624213485619.08
2022-08-10,30656481655127.17,24028355531684.22,6628126123442.95
2022-08-11,30660257804900.73,24029273779535.94,6630984025364.79
2022-08-12,30661900621199.98,24029790764887.23,6632109856312.75
2022-08-15,30695428647128.38,24051002065916.77,6644426581211.61
2022-08-16,30736589309063.51,24081843468911.97,6654745840151.54
2022-08-17,30724398554149.91,24082096945371.8,6642301608778.11
2022-08-18,30729913543818.69,24084274136453.14,6645639407365.55
2022-08-19,30731391952366.35,24084753661617.55,6646638290748.8
2022-08-22,30740292605227.85,24087312326304.38,6652980278923.47
2022-08-23,30777437633186.65,24109372250554.94,6668065382631.71
2022-08-24,30751828350400.15,24109361188937.07,6642467161463.08
2022-08-25,30824380608762.88,24170525091479.93,6653855517282.95
2022-08-26,30846992848094.66,24193808246140.62,6653184601954.04
2022-08-29,30852152360376.09,24195947091069.71,6656205269306.38
2022-08-30,30879099520384.98,24216548517136.84,6662551003248.14
2022-08-31,30936075214882.41,24267551242280.32,6668523972602.09
2022-09-01,30879363523856.88,24265237267051.03,6614126256805.85
2022-09-02,30872035484014.48,24265249353650.98,6606786130363.5
2022-09-06,30887902026844.77,24273892938014.51,6614009088830.26
2022-09-07,30897876626009.31,24275742755323.11,6622133870686.2
2022-09-08,30894123090119.44,24277401630153.32,6616721459966.12
2022-09-09,30894094123383.54,24277780650175.09,6616313473208.45
2022-09-12,30898201768751.74,24277951601745.72,6620250167006.02
2022-09-13,30902439190146.0,24277091954661.92,6625347235484.08
2022-09-14,30885840414162.26,24277735795734.93,6608104618427.33
2022-09-15,30886835217014.0,24269208569512.02,6617626647501.98
2022-09-16,30890599196504.46,24269701912640.61,6620897283863.85
2022-09-19,30900612291409.53,24269365041132.85,6631247250276.68
2022-09-20,30902024272230.49,24259860964887.67,6642163307342.82
2022-09-21,30886263886577.47,24259893533913.04,6626370352664.43
2022-09-22,30894820923257.38,24262119192823.44,6632701730433.94
2022-09-23,30899381846844.68,24261913752067.08,6637468094777.6
2022-09-26,30910232518783.59,24261991624316.95,6648240894466.64
2022-09-27,30906090013949.29,24251204677164.3,6654885336784.99
2022-09-28,30887265175018.58,24251147924159.27,6636117250859.31
2022-09-29,30871364355379.25,24252296040720.49,6619068314658.76
2022-09-30,30928911613306.73,24299192620158.51,6629718993148.22
2022-10-03,31123887781401.34,24294113407974.24,6829774373427.1
2022-10-04,31137019107054.18,24288376193590.75,6848642913463.43
2022-10-05,31142591307260.01,24288995636259.98,6853595671000.03
2022-10-06,31149119741274.67,24289853540356.64,6859266200918.03
2022-10-07,31148886822497.86,24289555258726.7,6859331563771.16
2022-10-11,31151614900188.79,24284148392021.21,6867466508167.58
2022-10-12,31143714678984.68,24284135644567.68,6859579034417.0
2022-10-13,31144952729330.2,24285309326318.59,6859643403011.61
2022-10-14,31148224201748.31,24285155079568.71,6863069122179.6
2022-10-17,31211425992825.15,24337797792146.07,6873628200679.08
2022-10-18,31239007530862.96,24349884301200.28,6889123229662.68
2022-10-19,31221577895299.32,24349997077337.59,6871580817961.73
2022-10-20,31226777244320.88,24347230421264.75,6879546823056.13
2022-10-21,31228593470885.27,24347298846397.92,6881294624487.35
2022-10-24,31230144668950.4,24347817271984.35,6882327396966.05
2022-10-25,31267801464630.43,24370660275741.41,6897141188889.02
2022-10-26,31252264539655.98,24371286875157.24,6880977664498.74
2022-10-27,31257754739246.94,24374113303700.19,6883641435546.75
2022-10-28,31256407799264.82,24375346150436.82,6881061648828.0
2022-10-31,31238301149359.52,24352541663465.59,6885759485893.93
2022-11-01,31211733641873.98,24378511504145.56,6833222137728.42
2022-11-02,31221842669793.73,24378672839101.38,6843169830692.35
2022-11-03,31218945420267.56,24386445346851.25,6832500073416.31
2022-11-04,31220131631576.38,24386136917562.59,6833994714013.79
2022-11-07,31223537674566.5,24386696051495.91,6836841623070.59
2022-11-08,31261637217741.34,24414960171859.34,6846677045882.0
2022-11-09,31243642975784.19,24415475380398.35,6828167595385.84
2022-11-10,31252011952406.6,24421759397777.8,6830252554628.8
2022-11-14,31255281194037.69,24422187334127.25,6833093859910.44
2022-11-15,31288173275005.23,24439731241217.5,6848442033787.73
2022-11-16,31271673609090.21,24440834832198.03,6830838776892.18
2022-11-17,31285200524997.7,24445390138404.45,6839810386593.25
2022-11-18,31282681366945.28,24445286394751.42,6837394972193.86
2022-11-21,31287341857033.42,24445710962416.74,6841630894616.68
2022-11-22,31348462540164.76,24498940310307.41,6849522229857.35
2022-11-23,31334033410564.83,24498705045728.79,6835328364836.04
2022-11-25,31367782185275.16,24524431584946.76,6843350600328.4
2022-11-28,31370818044115.8,24522908434421.07,6847909609694.73
2022-11-29,31373835538691.42,24518730678216.08,6855104860475.34
2022-11-30,31413322465316.3,24553456579697.93,6859865885618.37
2022-12-01,31363224488934.33,24548085263208.48,6815139225725.85
2022-12-02,31350137366089.86,24546284664471.75,6803852701618.11
2022-12-05,31352797927277.98,24545057009666.98,6807740917611.0
2022-12-06,31338545807969.89,24525522795969.07,6813023012000.82
2022-12-07,31335087282739.04,24522778382020.78,6812308900718.26
2022-12-08,31310795117652.48,24483967184989.59,6826827932662.89
2022-12-09,31311339819146.48,24483317280902.3,6828022538244.18
2022-12-12,31317682511738.1,24484165270687.53,6833517241050.57
2022-12-13,31304145125065.1,24462245795846.61,6841899329218.49
2022-12-14,31284312707977.52,24460952760896.41,6823359947081.11
2022-12-15,31319627308434.12,24512614034405.35,6807013274028.77
2022-12-16,31347126959844.32,24513353055221.64,6833773904622.68
2022-12-19,31355252649529.65,24513285125511.79,6841967524017.86
2022-12-20,31336725201001.72,24486055520669.8,6850669680331.92
2022-12-21,31319544673024.08,24486773540644.66,6832771132379.42
2022-12-22,31327478657710.42,24489806162692.45,6837672495017.97
2022-12-23,31345957007436.98,24490152364372.34,6855804643064.64
2022-12-27,31336045318443.84,24473926570106.05,6862118748337.79
2022-12-28,31324396828014.02,24474954689462.91,6849442138551.11
2022-12-29,31326303949171.72,24476186628276.12,6850117320895.6
2022-12-30,31419689421557.9,24517593324394.19,6902096097163.71
2023-01-03,31351186121029.94,24507554337075.14,6843631783954.8
2023-01-04,31375549251149.3,24507810943956.64,6867738307192.66
2023-01-05,31380309986690.02,24510300399440.9,6870009587249.12
2023-01-06,31385444530134.11,24510694268778.74,6874750261355.37
2023-01-09,31388880520361.96,24510491360745.09,6878389159616.87
2023-01-10,31395133116713.19,24503808492232.59,6891324624480.6
2023-01-11,31375141998674.97,24503936952202.58,6871205046472.39
2023-01-12,31384186242930.68,24508970410562.73,6875215832367.95
2023-01-13,31384494575753.76,24509049953688.03,6875444622065.73
2023-01-17,31416438567504.46,24529073534926.79,6887365032577.67
2023-01-18,31414360560928.79,24529263311432.61,6885097249496.18
2023-01-19,31455404534717.58,24597726186235.73,6857678348481.85
2023-01-20,31454980005742.4,24597711562696.43,6857268443045.97
2023-01-23,31453706514493.81,24597079083052.3,6856627431441.51
2023-01-24,31454847829751.33,24588029392842.3,6866818436909.03
2023-01-25,31454408144448.04,24601728913404.86,6852679231043.18
2023-01-26,31457696210437.44,24595370749863.17,6862325460574.27
2023-01-27,31457247193992.49,24594507779579.46,6862739414413.03
2023-01-30,31455902749858.28,24591455277525.03,6864447472333.25
2023-01-31,31454982227739.16,24583993573074.66,6870988654664.5
2023-02-01,31454525403853.71,24627866879154.63,6826658524699.08
2023-02-02,31456162200688.98,24614111117623.54,6842051083065.44
2023-02-03,31455700789201.69,24632540316493.99,6823160472707.7
2023-02-06,31454316628624.35,24625672259290.92,6828644369333.43
2023-02-07,31455106801791.45,24615758519222.41,6839348282569.04
2023-02-08,31454636989653.27,24633964941304.68,6820672048348.59
2023-02-09,31456220930170.68,24632706860395.91,6823514069774.77
2023-02-10,31455746843248.16,24631981684311.92,6823765158936.24
2023-02-13,31454324737379.7,24628372758461.6,6825951978918.1
2023-02-14,31455119626084.09,24620832367364.22,6834287258719.87
2023-02-15,31454875345039.44,24632690699646.77,6822184645392.67
2023-02-16,31456554630496.28,24629050125670.81,6827504504825.47
2023-02-17,31456066828798.54,24622821116330.88,6833245712467.66
2023-02-21,31455409398238.35,24617040735960.56,6838368662277.79
2023-02-22,31454917205702.37,24617347968404.01,6837569237298.36
2023-02-23,31458344513051.4,24622064217855.12,6836280295196.28
2023-02-24,31457850808804.42,24614739029627.85,6843111779176.57
2023-02-27,31456370703428.32,24613895583877.09,6842475119551.23
2023-02-28,31459291458579.46,24609240801721.77,6850050656857.69
2023-03-01,31459077499143.18,24651114436516.83,6807963062626.35
2023-03-02,31460699290015.01,24638428808442.94,6822270481572.07
2023-03-03,31460199203286.73,24656606027326.08,6803593175960.65
2023-03-06,31458698875752.65,24648784848938.02,6809914026814.63
2023-03-07,31459509628188.93,24638105509923.23,6821404118265.7
2023-03-08,31459006159569.62,24655743073935.02,6803263085634.6
2023-03-09,31460529559594.69,24648520075669.9,6812009483924.79
2023-03-10,31460029554847.61,24694495096597.19,6765534458250.42
2023-03-13,31458529688022.21,24688026061245.58,6770503626776.63
2023-03-14,31459299861280.16,24635939474269.94,6823360387010.22
2023-03-15,31458799258235.48,24653951364406.07,6804847893829.41
2023-03-16,31460256629224.57,24651327466524.76,6808929162699.81
2023-03-17,31459754258129.86,24642348579839.15,6817405678290.71
2023-03-20,31458247565973.04,24660461245713.11,6797786320259.93
2023-03-21,31458878060604.68,24654812423447.06,6804065637157.62
2023-03-22,31458378773492.71,24672395872106.05,6785982901386.66
2023-03-23,31461290165584.75,24672446327613.34,6788843837971.41
2023-03-24,31460784958919.28,24670017751549.63,6790767207369.65
2023-03-27,31459270694014.88,24657636419589.87,6801634274425.01
2023-03-28,31459895749667.19,24650286277272.32,6809609472394.87
2023-03-29,31459394182174.14,24649090662093.88,6810303520080.26
2023-03-30,31460917912000.64,24641815856835.5,6819102055165.14
2023-03-31,31458437575028.18,24693515037758.24,6764922537269.94
2023-04-03,31457162092035.15,24697739971933.05,6759422120102.1
2023-04-04,31457814382891.5,24675090313100.14,6782724069791.36
2023-04-05,31457303225023.58,24674103950594.51,6783199274429.07
2023-04-06,31458834911726.06,24669012664010.21,6789822247715.85
2023-04-07,31458324224063.06,24669374971133.27,6788949252929.79
2023-04-10,31456792146533.9,24660050352151.3,6796741794382.6
2023-04-11,31457439141191.15,24656053808856.67,6801385332334.48
2023-04-12,31456929921358.84,24675443057972.8,6781486863386.04
2023-04-13,31458490890759.4,24671975995707.11,6786514895052.29
2023-04-14,31457979446741.25,24670728299167.0,6787251147574.25
2023-04-17,31456445296319.41,24641048702094.3,6815396594225.11
2023-04-18,31457119565345.61,24627869055404.14,6829250509941.47
2023-04-19,31456614505854.44,24629878779698.9,6826735726155.54
2023-04-20,31459978914887.75,24626946141219.75,6833032773668.0
2023-04-21,31459469010160.55,24620279846808.14,6839189163352.41
2023-04-24,31457939840159.39,24606854923098.48,6851084917060.91
2023-04-25,31458521201235.23,24594031097296.96,6864490103938.27
2023-04-26,31458014678320.26,24609136413572.05,6848878264748.21
2023-04-27,31459619676179.65,24607260377321.56,6852359298858.09
2023-04-28,31457814648415.87,24605068022566.94,6852746625848.93
2023-05-01,31457398880450.85,24647679693931.41,6809719186519.44
2023-05-02,31457997078075.46,24620365800256.98,6837631277818.48
2023-05-03,31457486656663.5,24635834770776.97,6821651885886.53
2023-05-04,31459291842710.78,24638820908771.95,6820470933938.83
2023-05-05,31458774801619.75,24636096207170.77,6822678594448.98
2023-05-08,31457223984544.5,24627341968877.85,6829882015666.65
2023-05-09,31457939857155.51,24619937084187.34,6838002772968.17
2023-05-10,31457421959011.26,24641172605144.54,6816249353866.72
2023-05-11,31459051720110.08,24639687475035.3,6819364245074.78
2023-05-12,31458532169329.81,24639658124898.1,6818874044431.71
2023-05-15,31457107100707.45,24632499077869.51,6824608022837.94
2023-05-16,31458557909691.7,24622446659092.64,6836111250599.06
2023-05-17,31458034662625.5,24637068788324.66,6820965874300.84
2023-05-18,31462676535393.66,24637327117844.81,6825349417548.85
2023-05-19,31462147316778.94,24637236875327.69,6824910441451.25
2023-05-22,31460559910557.31,24632270448804.39,6828289461752.92
2023-05-23,31462154854902.95,24620574476453.96,6841580378448.99
2023-05-24,31461618625936.34,24635199871338.14,6826418754598.2
2023-05-25,31465482242065.47,24634289587393.08,6831192654672.39
2023-05-26,31464942311540.05,24635928951197.2,6829013360342.85
2023-05-30,31463988658765.75,24634298664090.12,6829689994675.63
2023-05-31,31464457465522.98,24630686283413.55,6833771182109.43
2023-06-01,31467639287894.39,24690309627385.24,6777329660509.15
2023-06-02,31467099921028.51,24702383053957.66,6764716867070.85
2023-06-05,31825678823229.44,25032142794296.03,6793536028933.41
2023-06-06,31855980740631.82,25047398385875.44,6808582354756.38
2023-06-07,31857005736347.57,25047345441645.83,6809660294701.74
2023-06-08,31921257581480.24,25067556730313.1,6853700851167.14
2023-06-09,31921148764836.99,25067359532394.48,6853789232442.51
2023-06-12,31926284136023.52,25068366483285.59,6857917652737.93
2023-06-13,31975294735877.95,25103112337735.63,6872182398142.32
2023-06-14,31954447260177.67,25102753092893.82,6851694167283.85
2023-06-15,32039244474237.54,25178340697038.0,6860903777199.54
2023-06-16,32044348877002.64,25178190392307.09,6866158484695.55
2023-06-20,32105203198332.68,25228858760169.95,6876344438162.73
2023-06-21,32095742365497.49,25229448283990.68,6866294081506.81
2023-06-22,32168649898303.94,25300472765476.35,6868177132827.59
2023-06-23,32172576566647.61,25300770075189.85,6871806491457.76
2023-06-26,32195327569330.09,25301524659262.37,6893802910067.72
2023-06-27,32266627668494.67,25361694924458.65,6904932744036.02
2023-06-28,32246996999971.79,25361829706692.2,6885167293279.59
2023-06-29,32317771369915.85,25430243041777.75,6887528328138.1
2023-06-30,32332274184762.99,25461998188055.84,6870275996707.15
2023-07-03,32320860659267.72,25459084714008.85,6861775945258.87
2023-07-05,32402127570957.67,25519177294520.73,6882950276436.94
2023-07-06,32474413322200.55,25589897134579.63,6884516187620.92
2023-07-07,32477557021205.0,25589710081130.35,6887846940074.65
2023-07-10,32481106332188.7,25588803096223.83,6892303235964.87
2023-07-11,32538466818074.23,25633781683720.91,6904685134353.32
2023-07-12,32518395816772.17,25633821130387.02,6884574686385.15
2023-07-13,32542322793399.6,25653457820714.17,6888864972685.43
2023-07-14,32542410783066.52,25653572867943.31,6888837915123.21
2023-07-17,32535010186295.34,25640127926386.32,6894882259909.02
2023-07-18,32590931867992.77,25679320577331.03,6911611290661.74
2023-07-19,32569914975378.2,25679252837370.23,6890662138007.97
2023-07-20,32592226328901.3,25696346915423.59,6895879413477.71
2023-07-21,32592962824463.71,25696711160445.54,6896251664018.17
2023-07-24,32597769037193.63,25696796546929.52,6900972490264.11
2023-07-25,32651223755977.61,25731318151865.02,6919905604112.59
2023-07-26,32634846702744.1,25731546565342.25,6903300137401.85
2023-07-27,32659378691249.41,25753140068904.18,6906238622345.23
2023-07-28,32657120596498.01,25752739140296.84,6904381456201.17
2023-07-31,32608585072666.14,25708799188483.91,6899785884182.23
2023-08-01,32587568982505.21,25740123485927.36,6847445496577.85
2023-08-02,32599351354449.13,25740356333124.46,6858995021324.67
2023-08-03,32604327644488.7,25759287856824.22,6845039787664.48
2023-08-04,32603146075129.53,25758851818235.69,6844294256893.84
2023-08-07,32611306799308.24,25759016987176.09,6852289812132.15
2023-08-08,32644136864636.77,25778440181711.5,6865696682925.27
2023-08-09,32620930327834.11,25778304585040.2,6842625742793.91
2023-08-10,32658063006610.57,25812225197718.34,6845837808892.23
2023-08-11,32658608220243.14,25812094620607.35,6846513599635.79
2023-08-14,32663530449768.77,25812732982266.5,6850797467502.27
2023-08-15,32679941424168.59,25814344975175.86,6865596448992.73
2023-08-16,32661578249677.03,25814897784477.01,6846680465200.02
2023-08-17,32703692544630.03,25850475396069.84,6853217148560.19
2023-08-18,32704414954249.48,25850890627408.14,6853524326841.34
2023-08-21,32710634463121.12,25851338453031.71,6859296010089.41
2023-08-22,32759307280146.99,25886489572735.04,6872817707411.95
2023-08-23,32740372767613.62,25886300370614.66,6854072396998.96
2023-08-24,32777879728405.51,25922115213450.97,6855764514954.54
2023-08-25,32810223546146.86,25946514803377.09,6863708742769.77
2023-08-28,32814443005564.85,25947218499165.31,6867224506399.54
2023-08-29,32856459016611.95,25982708609301.7,6873750407310.25
2023-08-30,32854452857620.1,25982664124907.71,6871788732712.39
2023-08-31,32914149363760.95,26044050577584.54,6870098786176.41
2023-09-01,32841516339054.53,26044507800625.7,6797008538428.83
2023-09-05,32890665217705.83,26077617922113.74,6813047295592.09
2023-09-06,32903153698686.77,26077580698557.5,6825573000129.27
2023-09-07,32935650483547.7,26108844533675.44,6826805949872.26
2023-09-08,32940661203521.87,26109080792236.31,6831580411285.56
2023-09-11,32940629592824.66,26109190196680.37,6831439396144.29
2023-09-12,32979921616712.66,26140258067985.33,6839663548727.33
2023-09-13,32959505153577.02,26140787908311.45,6818717245265.57
2023-09-14,32988632843664.1,26166758026969.24,6821874816694.86
2023-09-15,33044858730468.04,26214467619830.38,6830391110637.66
2023-09-18,33053950837720.9,26214774694145.72,6839176143575.18
2023-09-19,33091844110815.65,26234340083526.65,6857504027289.0
2023-09-20,33070803843484.64,26234126979922.55,6836676863562.09
2023-09-21,33100408357471.81,26256883939422.64,6843524418049.17
2023-09-22,33101965802900.4,26257563828493.74,6844401974406.66
2023-09-25,33112060391950.29,26257540552723.9,6854519839226.39
2023-09-26,33146408994532.36,26275119110710.2,6871289883822.16
2023-09-27,33126911471375.81,26274995762333.71,6851915709042.1
2023-09-28,33126476376937.36,26289027123953.3,6837449252984.06
2023-09-29,33167334044723.16,26330142473191.94,6837191571531.22
2023-10-02,33442148619617.43,26339002538627.28,7103146080990.15
2023-10-03,33474904868026.3,26367058728957.29,7107846139069.01
2023-10-04,33477960047805.47,26366947230514.69,7111012817290.78
2023-10-05,33513382512663.51,26401336139723.41,7112046372940.1
2023-10-06,33510833601230.21,26402295025521.83,7108538575708.38
2023-10-10,33550239305902.84,26436036277654.31,7114203028248.53
2023-10-11,33537137879410.41,26436716538490.99,7100421340919.42
2023-10-12,33523064674012.35,26427019000844.73,7096045673167.62
2023-10-13,33529128255188.48,26426737912612.51,7102390342575.97
2023-10-16,33590304573293.45,26474358051666.99,7115946521626.46
2023-10-17,33648686850967.49,26514681646246.71,7134005204720.78
2023-10-18,33629187105622.79,26514600427747.18,7114586677875.61
2023-10-19,33626943979485.12,26514791447517.55,7112152531967.57
2023-10-20,33627279194343.04,26514640558602.24,7112638635740.8
2023-10-23,33636013783185.72,26515454944212.13,7120558838973.59
2023-10-24,33684219111864.76,26555329165607.14,7128889946257.62
2023-10-25,33673409042338.43,26555586966540.18,7117822075798.25
2023-10-26,33675966690300.6,26555584041129.64,7120382649170.96
2023-10-27,33675583991310.32,26555921813583.64,7119662177726.68
2023-10-30,33675453581151.3,26556166875895.44,7119286705255.86
2023-10-31,33699580339128.49,26576222054905.35,7123358284223.14
2023-11-01,33637961474736.64,26575012517991.32,7062948956745.32
2023-11-02,33694310446080.58,26630281961741.23,7064028484339.35
2023-11-03,33677795968325.37,26630035169821.74,7047760798503.63
2023-11-06,33685549023482.44,26630878504859.46,7054670518622.98
2023-11-07,33723125002884.23,26660759220080.83,7062365782803.4
2023-11-08,33704519301758.33,26661887346319.75,7042631955438.58
2023-11-09,33700702394486.03,26656287173188.21,7044415221297.82
2023-11-10,33700519045108.91,26656297228213.21,7044221816895.7
2023-11-13,33704351344292.03,26656511120514.98,7047840223777.05
2023-11-14,33740758940298.14,26682674360903.6,7058084579394.54
2023-11-15,33702800356757.17,26660731529922.48,7042068826834.69
2023-11-16,33740140300745.07,26692308892194.77,7047831408550.3
2023-11-17,33746161204834.2,26692227905141.52,7053933299692.68
2023-11-20,33750176946218.59,26692445815829.42,7057731130389.17
2023-11-21,33786477536673.08,26718585115383.15,7067892421289.93
2023-11-22,33766418955614.84,26720115499960.31,7046303455654.53
2023-11-24,33827287441894.98,26771331485159.67,7055955956735.31
2023-11-27,33836693993860.35,26771780819894.09,7064913173966.26
2023-11-28,33851851942947.65,26777703430303.32,7074148512644.33
2023-11-29,33849202250270.84,26777711219088.21,7071491031182.63
2023-11-30,33878679367501.2,26843822063762.45,7034857303738.75
2023-12-01,33802677905705.57,26841899141108.59,6960778764596.98
2023-12-04,33814621976598.2,26842268790912.46,6972353185685.74
2023-12-05,33818376156446.2,26836499357657.48,6981876798788.72
2023-12-06,33818111305391.33,26836216971556.28,6981894333835.05
2023-12-07,33832815714760.09,26846003455945.39,6986812258814.7
2023-12-08,33847366133965.28,26845547562977.79,7001818570987.49
2023-12-11,33852528591546.39,26845481309902.06,7007047281644.33
2023-12-12,33851321205288.16,26833040275300.98,7018280929987.18
2023-12-13,33828210586703.42,26831255346478.6,6996955240224.82
2023-12-14,33840401518225.69,26839408031723.6,7000993486502.09
2023-12-15,33883845835556.04,26884830017231.68,6999015818324.36
2023-12-18,33891285134712.08,26884939028732.74,7006346105979.34
2023-12-19,33892115414659.1,26869396109579.57,7022719305079.53
2023-12-20,33870523504708.77,26870588772826.8,6999934731881.97
2023-12-21,33887666090658.4,26881279631976.22,7006386458682.18
2023-12-22,33901019328885.77,26880796429891.38,7020222898994.39
2023-12-26,33905473436272.38,26876124826110.32,7029348610162.06
2023-12-27,33896083378248.05,26876335151615.88,7019748226632.17
2023-12-28,33911227723170.48,26891920450910.61,7019307272259.87
2023-12-29,34001493655565.48,26938517614684.59,7062976040880.89
2024-01-02,33990127522066.83,26966333707733.52,7023793814333.31
2024-01-03,33994219872567.85,26967954226517.79,7026265646050.06
2024-01-04,34006270930685.56,26976928852286.78,7029342078398.78
2024-01-05,34009690055595.81,26976084404477.05,7033605651118.76
2024-01-08,34012198872291.96,26973939599749.78,7038259272542.18
2024-01-09,34024775058581.46,26974750049637.37,7050025008944.09
2024-01-10,34002438877490.81,26974362934797.17,7028075942693.64
2024-01-11,34058513894474.08,26985019110585.66,7073494783888.42
2024-01-12,34058157809451.17,26984681279437.27,7073476530013.9
2024-01-16,34061551582176.05,26977085934722.47,7084465647453.58
2024-01-17,34060163447630.43,26977279309230.03,7082884138400.4
2024-01-18,34069900131753.02,26986540939549.35,7083359192203.67
2024-01-19,34072342032939.15,26985839298705.0,7086502734234.15
2024-01-22,34076671717711.41,26985255075314.51,7091416642396.9
2024-01-23,34109378375744.03,27003770167433.26,7105608208310.77
2024-01-24,34088375076993.31,27002945955816.55,7085429121176.76
2024-01-25,34135530482291.88,27031896294653.96,7103634187637.92
2024-01-26,34135457061639.36,27031563517077.75,7103893544561.61
2024-01-29,34138472491310.02,27031268655335.78,7107203835974.24
2024-01-30,34172829341468.41,27058247867739.38,7114581473729.03
2024-01-31,34191150402393.64,27071861894841.0,7119288507552.64
2024-02-01,34155015629668.67,27096145994220.71,7058869635447.96
2024-02-02,34147347620186.87,27095216791114.36,7052130829072.51
2024-02-05,34153974129467.71,27095044263981.65,7058929865486.06
2024-02-06,34196564648055.77,27125821609881.79,7070743038173.98
2024-02-07,34197594492349.48,27125624577903.55,7071969914445.93
2024-02-08,34228699143453.34,27150016696468.02,7078682446985.32
2024-02-09,34228178296346.87,27149917447710.42,7078260848636.45
2024-02-12,34230783465383.28,27148944676868.26,7081838788515.02
2024-02-13,34269060493914.81,27177924667834.49,7091135826080.32
2024-02-14,34245315231752.02,27178010959199.55,7067304272552.47
2024-02-15,34266061012653.21,27184526004247.38,7081535008405.83
2024-02-16,34267230736108.38,27183667231435.16,7083563504673.22
2024-02-20,34305120631653.51,27208868737795.66,7096251893857.85
2024-02-21,34297767975339.2,27209148794470.33,7088619180868.87
2024-02-22,34332006626320.48,27242557270675.99,7089449355644.49
2024-02-23,34368198372899.16,27270277998967.49,7097920373931.67
2024-02-26,34376317052037.23,27270274003272.75,7106043048764.48
2024-02-27,34405200371310.35,27290138516220.85,7115061855089.5
2024-02-28,34382148207560.53,27290151250136.39,7091996957424.14
2024-02-29,34471083238111.75,27380289989183.77,7090793248927.98
2024-03-01,34393262399002.4,27378941449836.41,7014320949165.99
2024-03-04,34410892192352.05,27379505983815.03,7031386208537.02
2024-03-05,34438950067961.33,27394922018989.52,7044028048971.81
2024-03-06,34440831955756.54,27395073293225.1,7045758662531.44
2024-03-07,34461406559733.48,27409658010123.01,7051748549610.47
2024-03-08,34465058258901.44,27410398214937.37,7054660043964.07
2024-03-11,34471482665578.2,27411563369863.19,7059919295715.01
2024-03-12,34497203823900.22,27424259576638.32,7072944247261.9
2024-03-13,34475874743406.64,27424590793153.92,7051283950252.72
2024-03-14,34486220026285.95,27434194395974.08,7052025630311.87
2024-03-15,34542838497262.94,27486685431293.39,7056153065969.55
2024-03-18,34551363248839.89,27486890326230.45,7064472922609.44
2024-03-19,34582304524890.88,27495560223464.06,7086744301426.82
2024-03-20,34561173662194.19,27495310693451.23,7065862968742.96
2024-03-21,34578032221509.83,27511234577616.74,7066797643893.09
2024-03-22,34582121266033.57,27511504384092.25,7070616881941.32
2024-03-25,34598187991362.71,27512574463575.43,7085613527787.28
2024-03-26,34594388870175.66,27500757154307.8,7093631715867.86
2024-03-27,34573199545841.43,27503290057476.61,7069909488364.82
2024-03-28,34578609157179.32,27511740986475.77,7066868170703.55
2024-03-29,34586533479349.88,27511454993243.97,7075078486105.91
2024-04-01,34627201333064.1,27597003078569.01,7030198254495.09
2024-04-02,34622291870051.13,27571024016005.42,7051267854045.71
2024-04-03,34604337792885.31,27570738421546.27,7033599371339.04
2024-04-04,34598968534947.36,27557979891134.54,7040988643812.82
2024-04-05,34600643492585.1,27558067093863.29,7042576398721.81
2024-04-08,34608412560642.47,27559152334116.88,7049260226525.59
2024-04-09,34581009999544.53,27523837629266.01,7057172370278.52
2024-04-10,34561015516956.28,27524683546141.8,7036331970814.48
2024-04-11,34550836614631.68,27509726461018.85,7041110153612.83
2024-04-12,34553219625645.51,27509636671273.47,7043582954372.04
2024-04-15,34603202832010.75,27525652789136.96,7077550042873.79
2024-04-16,34591001330876.91,27491006854258.45,7099994476618.46
2024-04-17,34576488508928.92,27491018195859.82,7085470313069.1
2024-04-18,34583094965544.54,27485307938326.14,7097787027218.4
2024-04-19,34585528182775.46,27484861367243.35,7100666815532.11
2024-04-22,34591776354253.41,27486473714908.65,7105302639344.76
2024-04-23,34581882240753.07,27461262921654.41,7120619319098.66
2024-04-24,34571627122114.08,27461572886205.56,7110054235908.52
2024-04-25,34554969025868.11,27443681857808.67,7111287168059.44
2024-04-26,34558414957091.51,27444491423362.55,7113923533728.96
2024-04-29,34562760121518.06,27445183037521.17,7117577083996.89
2024-04-30,34616994016250.88,27480960216618.32,7136033799632.56
2024-05-01,34558286201504.24,27479892592950.49,7078393608553.75
2024-05-02,34563348818204.5,27462987329423.76,7100361488780.74
2024-05-03,34548206284406.41,27462531568558.89,7085674715847.52
2024-05-06,34560847639827.59,27463657361740.46,7097190278087.13
2024-05-07,34559395239870.33,27453420769237.9,7105974470632.43
2024-05-08,34541727970599.17,27454500607320.58,7087227363278.59
2024-05-09,34544912251854.53,27453899461694.5,7091012790160.03
2024-05-10,34544592017605.72,27453861306796.2,7090730710809.52
2024-05-13,34552162118847.87,27455172055232.87,7096990063615.0
2024-05-14,34572509369831.78,27459796281794.85,7112713088036.93
2024-05-15,34534845450747.16,27444319743354.59,7090525707392.57
2024-05-16,34552930923742.92,27456418787486.41,7096512136256.51
2024-05-17,34560897354777.7,27456876652491.59,7104020702286.11
2024-05-20,34569111311921.07,27458745418356.45,7110365893564.62
2024-05-21,34585560195036.84,27466193557963.77,7119366637073.07
2024-05-22,34568254514015.39,27469724120218.74,7098530393796.65
2024-05-23,34577128968551.63,27473485937031.6,7103643031520.03
2024-05-24,34587980444101.39,27473812202939.87,7114168241161.52
2024-05-28,34606167915025.93,27485640159741.04,7120527755284.89
2024-05-29,34621658355452.18,27487157223434.84,7134501132017.34
2024-05-30,34609796817427.65,27479078222866.95,7130718594560.7
2024-05-31,34667115142400.83,27606806621699.92,7060308520700.91
2024-06-03,34635364143328.14,27604546247462.02,7030817895866.12
2024-06-04,34655635889090.12,27601036912476.19,7054598976613.93
2024-06-05,34659901034605.69,27601771436920.21,7058129597685.48
2024-06-06,34670632654267.19,27590071808237.64,7080560846029.55
2024-06-07,34672892047832.53,27590412991651.25,7082479056181.28
2024-06-10,34709420097175.88,27590884592514.35,7118535504661.53
2024-06-11,34702935789016.26,27576833611186.52,7126102177829.74
2024-06-12,34681313704677.46,27576420914357.7,7104892790319.76
2024-06-13,34683580629557.7,27572656623723.99,7110924005833.71
2024-06-14,34681081398133.85,27571224186740.96,7109857211392.89
2024-06-17,34750498829987.55,27627953593560.5,7122545236427.05
2024-06-18,34734110906935.6,27614043126341.21,7120067780594.39
2024-06-20,34725850323608.22,27596094209621.92,7129756113986.3
2024-06-21,34733747766164.31,27594481222617.96,7139266543546.35
2024-06-24,34748602469986.14,27594422516851.49,7154179953134.65
2024-06-25,34748398688455.49,27580828533331.25,7167570155124.24
2024-06-26,34724689266963.11,27581121643497.46,7143567623465.65
2024-06-27,34722776927246.15,27564579398180.52,7158197529065.63
2024-06-28,34831634431393.47,27612896549329.17,7218737882064.3
2024-07-01,34841059628786.8,27686611898025.85,7154447730760.95
2024-07-02,34866040431327.31,27696947664513.33,7169092766813.98
2024-07-03,34847568990054.13,27696496266059.51,7151072723994.62
2024-07-05,34852201287595.04,27693475216355.36,7158726071239.68
2024-07-08,34857390059828.1,27693672925726.72,7163717134101.38
2024-07-09,34884371510047.6,27709504208843.5,7174867301204.1
2024-07-10,34861321658685.01,27710406330174.17,7150915328510.84
2024-07-11,34888939546525.91,27733802372114.6,7155137174411.31
2024-07-12,34889213426967.08,27734096471188.88,7155116955778.2
2024-07-15,34911647554064.35,27750724960754.6,7160922593309.75
2024-07-16,34940154193610.64,27775830463860.98,7164323729749.66
2024-07-17,34923277120226.95,27775355611306.52,7147921508920.43
2024-07-18,34945963278406.29,27794421298152.71,7151541980253.58
2024-07-19,34944251830592.92,27793280970095.1,7150970860497.82
2024-07-22,34950138997139.35,27793300671842.76,7156838325296.59
2024-07-23,34988121329285.52,27817639139025.78,7170482190259.74
2024-07-24,34969578299467.18,27817951354978.31,7151626944488.87
2024-07-25,34997540505103.33,27834323519790.43,7163216985312.9
2024-07-26,35001278179208.67,27834220424052.01,7167057755156.66
2024-07-29,35004415930299.0,27834326750512.37,7170089179786.63
2024-07-30,35043209977687.27,27864367559006.15,7178842418681.12
2024-07-31,35104770649301.03,27930511528793.83,7174259120507.2
2024-08-01,35059402347141.52,27946897741746.23,7112504605395.29
2024-08-02,35051428694554.99,27946832554647.4,7104596139907.59
2024-08-05,35059256376453.14,27945957511453.95,7113298864999.19
2024-08-06,35085786495843.24,27969087300801.08,7116699195042.16
2024-08-07,35094756345920.31,27969804303787.95,7124952042132.36
2024-08-08,35123327978028.47,27992303945196.96,7131024032831.51
2024-08-09,35122527132406.43,27991430891417.81,7131096240988.62
2024-08-12,35126850161739.27,27992486779604.18,7134363382135.09
2024-08-13,35160349582384.67,28017164049453.46,7143185532931.21
2024-08-14,35137624661984.4,28017226473416.87,7120398188567.53
2024-08-15,35169163778240.35,28032945816619.67,7136217961620.68
2024-08-16,35167228191213.46,28030070022009.33,7137158169204.13
2024-08-19,35178034113238.07,28030148229238.57,7147885883999.5
2024-08-20,35215900370093.07,28055639080735.21,7160261289357.86
2024-08-21,35193999279273.78,28056284385951.98,7137714893321.8
2024-08-22,35210350799546.12,28067310011637.03,7143040787909.09
2024-08-23,35213967100485.15,28067340611051.07,7146626489434.08
2024-08-26,35225184901185.83,28066894450384.91,7158290450800.92
2024-08-27,35289492003154.99,28122457986740.07,7167034016414.92
2024-08-28,35269696270863.86,28122421845095.35,7147274425768.51
2024-08-29,35279776145434.29,28132284797344.23,7147491348090.06
2024-08-30,35256056842790.06,28168005045836.45,7088051796953.61
2024-09-03,35319686640609.98,28252444995767.33,7067241644842.65
2024-09-04,35343824738015.02,28254186047367.95,7089638690647.07
2024-09-05,35345572154736.15,28258350864244.38,7087221290491.77
2024-09-06,35343086505566.21,28253281258134.21,7089805247432.0
2024-09-09,35346632271646.61,28253299707543.31,7093332564103.3
2024-09-10,35331161690593.41,28232619428904.84,7098542261688.57
2024-09-11,35309184612870.0,28232460501393.03,7076724111476.97
2024-09-12,35273879754917.38,28193985562400.05,7079894192517.33
2024-09-13,35268781589361.92,28188906439845.65,7079875149516.27
2024-09-16,35346469569597.74,28245785759097.01,7100683810500.73
2024-09-17,35350842310771.1,28227359906344.68,7123482404426.42
2024-09-18,35331269621113.08,28228475054525.36,7102794566587.72
2024-09-19,35327646622839.45,28220680267543.24,7106966355296.21
2024-09-20,35319710736132.06,28214574834140.68,7105135901991.38
2024-09-23,35324636379347.22,28215447150317.52,7109189229029.7
2024-09-24,35324325476368.35,28195893512737.15,7128431963631.2
2024-09-25,35303965164452.88,28194235452983.9,7109729711468.98
2024-09-26,35296367284952.26,28182178946545.8,7114188338406.46
2024-09-27,35321337344400.43,28208786657768.96,7112550686631.47
2024-09-30,35464673929171.69,28307312290783.0,7157361638388.69
2024-10-01,35668947367182.09,28312629054720.67,7356318312461.42
2024-10-02,35677760608035.45,28313722594978.62,7364038013056.83
2024-10-03,35677796842519.7,28322639420813.57,7355157421706.13
2024-10-04,35680514816032.92,28323365082799.83,7357149733233.09
2024-10-07,35682617798771.8,28321844291432.89,7360773507338.91
2024-10-08,35717705665132.67,28341720350763.38,7375985314369.29
2024-10-09,35693841261552.04,28341479458057.01,7352361803495.03
2024-10-10,35680634083932.18,28353945611403.78,7326688472528.4
2024-10-11,35707319682513.26,28351123484517.83,7356196197995.43
2024-10-15,35751271808625.45,28383518035772.03,7367753772853.42
2024-10-16,35743513547464.87,28386150164608.48,7357363382856.39
2024-10-17,35769084471524.38,28404121037347.13,7364963434177.25
2024-10-18,35769732147503.35,28403747282300.49,7365984865202.86
2024-10-21,35772750214886.62,28403842285305.15,7368907929581.47
2024-10-22,35802822173836.96,28423306636632.38,7379515537204.58
2024-10-23,35777371535343.63,28422500201162.2,7354871334181.43
2024-10-24,35809157751119.8,28452334402813.93,7356823348305.87
2024-10-25,35815392559823.53,28451878560753.69,7363513999069.84
2024-10-28,35817406407906.45,28449760812902.59,7367645595003.86
2024-10-29,35848521510437.02,28469426993796.14,7379094516640.88
2024-10-30,35847012590067.17,28470182494958.74,7376830095108.43
2024-10-31,35951601173936.02,28572149038424.26,7379452135511.76
2024-11-01,35866603223541.48,28567525956804.76,7299077266736.72
2024-11-04,35884401015854.36,28566347626909.66,7318053388944.7
2024-11-05,35911107598198.18,28582003195921.21,7329104402276.97
2024-11-06,35912058541218.85,28582117963923.5,7329940577295.35
2024-11-07,35943554220297.64,28607118813413.31,7336435406884.33
2024-11-08,35945396362475.2,28606361080480.36,7339035281994.84
2024-11-12,35963765584299.24,28620032996715.49,7343732587583.75
2024-11-13,35950262427779.69,28617935465098.64,7332326962681.05
2024-11-14,35965533024604.05,28632426082432.23,7333106942171.82
2024-11-15,35959176987940.11,28621283646779.39,7337893341160.72
2024-11-18,35963976342723.91,28620973630175.8,7343002712548.11
2024-11-19,35992291043718.85,28634183281951.62,7358107761767.23
2024-11-20,35973905978114.7,28634759575097.22,7339146403017.48
2024-11-21,36034994586981.97,28688857681958.64,7346136905023.33
2024-11-22,36047523137936.35,28689193665601.5,7358329472334.85
2024-11-25,36052650894794.76,28689638049359.94,7363012845434.82
2024-11-26,36113570535802.53,28736542181892.5,7377028353910.03
2024-11-27,36090597225804.43,28735907867644.94,7354689358159.49
2024-11-29,36087362960612.0,28791207744535.64,7296155216076.36
2024-12-02,36171181955284.36,28878760944937.34,7292421010347.02
2024-12-03,36169413863866.88,28883514581503.88,7285899282363.0
2024-12-04,36170511547438.85,28882393374551.42,7288118172887.43
2024-12-05,36167364938108.44,28877400152221.15,7289964785887.29
2024-12-06,36166037570457.33,28874999106506.03,7291038463951.3
2024-12-09,36172195279062.94,28874168830835.46,7298026448227.48
2024-12-10,36163442396226.61,28858224127746.27,7305218268480.34
2024-12-11,36132520515276.53,28849932499916.86,7282588015359.67
2024-12-12,36133463898632.02,28846561718955.86,7286902179676.16
2024-12-13,36134075633938.69,28846613864721.94,7287461769216.75
2024-12-16,36192895704983.65,28901403659573.18,7291492045410.47
2024-12-17,36189345826140.62,28876690689081.36,7312655137059.26
2024-12-18,36167604149955.61,28875451168038.78,7292152981916.83
2024-12-19,36167124467492.9,28870054568670.25,7297069898822.65
2024-12-20,36161621015445.57,28864783375019.35,7296837640426.22
2024-12-23,36190276558466.62,28865105876886.59,7325170681580.03
2024-12-24,36146819184367.1,28839543803673.77,7307275380693.33
2024-12-26,36112807709307.61,28794989291882.5,7317818417425.11
2024-12-27,36144183375647.43,28822584881480.95,7321598494166.48
2024-12-30,36150157230460.04,28821350185471.75,7328807044988.29
2024-12-31,36218605311689.91,28836996111881.81,7381609199808.1
2025-01-02,36169957618760.21,28831964741779.76,7337992876980.45
2025-01-03,36164146727045.82,28831651555267.15,7332495171778.67
2025-01-06,36171792705159.98,28832259211211.08,7339533493948.9
2025-01-07,36178676019215.59,28826479434779.86,7352196584435.73
2025-01-08,36153745342266.3,28824060020226.11,7329685322040.19
2025-01-09,36166393613679.73,28832160356396.23,7334233257283.5
2025-01-10,36169520000045.49,28832716210040.45,7336803790005.04
2025-01-13,36173455107711.11,28832556245721.97,7340898861989.14
2025-01-14,36200906538154.24,28850228995216.85,7350677542937.39
2025-01-15,36174170135464.01,28832351544946.26,7341818590517.75
2025-01-16,36197510998407.58,28846012162618.21,7351498835789.37
2025-01-17,36206593315575.15,28845583131561.83,7361010184013.32
2025-01-21,36218258403326.35,28863463959281.89,7354794444044.46
2025-01-22,36217491332226.53,28863025857989.46,7354465474237.07
2025-01-23,36222002723844.24,28880821900250.34,7341180823593.9
2025-01-24,36221228533802.26,28881218302457.27,7340010231344.99
2025-01-27,36218906298311.33,28862375452519.97,7356530845791.36
2025-01-28,36219937278825.22,28851969423506.15,7367967855319.07
2025-01-29,36219161589293.08,28852559462378.04,7366602126915.04
2025-01-30,36221443082611.85,28850151178663.95,7371291903947.9
2025-01-31,36220206738047.96,28911508658693.08,7308698079354.88
2025-02-03,36217878252518.89,28923985500400.02,7293892752118.87
2025-02-04,36218901460828.96,28897398320943.43,7321503139885.53
2025-02-05,36218123595894.41,28895705607248.8,7322417988645.61
2025-02-06,36220361045794.81,28892938412549.8,7327422633245.01
2025-02-07,36219581958530.58,28891246579142.97,7328335379387.61
2025-02-10,36217244743854.4,28882844331495.71,7334400412358.69
2025-02-11,36218268281356.5,28873690527396.65,7344577753959.85
2025-02-12,36217487855772.08,28896394701632.1,7321093154139.98
2025-02-13,36219764087577.56,28896004938072.67,7323759149504.89
2025-02-14,36218983690427.99,28895337232003.27,7323646458424.72
2025-02-18,36219592701106.67,28876078679117.8,7343514021988.87
2025-02-19,36218812100137.31,28878510874731.94,7340301225405.37
2025-02-20,36222989450273.97,28869749063206.15,7353240387067.82
2025-02-21,36222211606919.46,28862508705242.94,7359702901676.52
2025-02-24,36219878534361.59,28846869977339.96,7373008557021.63
2025-02-25,36220749649855.42,28837112928950.54,7383636720904.88
2025-02-26,36219980655775.79,28855309766407.65,7364670889368.14
2025-02-27,36221949836006.93,28855106718012.13,7366843117994.8
2025-02-28,36218923369370.1,28914410587820.34,7304512781549.76
2025-03-03,36216627186278.78,28930823432033.66,7285803754245.12
2025-03-04,36217457726432.81,28906019720336.11,7311438006096.7
2025-03-05,36216695558849.86,28904524826408.57,7312170732441.29
2025-03-06,36218587006168.51,28910964000416.83,7307623005751.68
2025-03-07,36217824184013.37,28909913656084.0,7307910527929.37
2025-03-10,36215535706949.98,28903192097197.0,7312343609752.98
2025-03-11,36216346495438.75,28890925430619.29,7325421064819.46
2025-03-12,36215588741627.31,28912908316119.9,7302680425507.41
2025-03-13,36217410341236.57,28910212445754.95,7307197895481.62
2025-03-14,36216656361372.88,28937109052409.72,7279547308963.16
2025-03-17,36214394370510.05,28928035225282.57,7286359145227.48
2025-03-18,36215212669334.38,28908695063079.12,7306517606255.26
2025-03-19,36214467819348.16,28931615276590.47,7282852542757.69
2025-03-20,36218222045186.34,28931004380785.4,7287217664400.94
2025-03-21,36217481307084.84,28927403024844.31,7290078282240.53
2025-03-24,36215258907037.79,28924757833909.66,7290501073128.13
2025-03-25,36216093287593.75,28900194597054.75,7315898690539.0
2025-03-26,36215356534171.37,28922608710230.04,7292747823941.33
2025-03-27,36217204329840.19,28921459406910.63,7295744922929.56
2025-03-28,36216470672037.87,28918637682348.73,7297832989689.14
2025-03-31,36214310420174.13,28909508850275.58,7304801569898.55
2025-04-01,36215156673113.8,28945058837872.08,7270097835241.72
2025-04-02,36214426211363.76,28941616891545.06,7272809319818.7
2025-04-03,36216495027787.96,28960433646738.55,7256061381049.41
2025-04-04,36215761618891.11,28956155080112.68,7259606538778.43
2025-04-07,36213561491981.13,28947771026214.14,7265790465766.99
2025-04-08,36214508751190.01,28936031572664.84,7278477178525.17
2025-04-09,36213771222289.59,28958991840990.14,7254779381299.45
2025-04-10,36215701317831.94,28952824025915.61,7262877291916.33
2025-04-11,36214966389282.11,28952083890117.2,7262882499164.91
2025-04-14,36212761633585.77,28942462559586.95,7270299073998.82
2025-04-15,36214325271235.26,28904113909824.41,7310211361410.85
2025-04-16,36213590712228.65,28917184309983.82,7296406402244.83
2025-04-17,36217480035223.27,28913508876197.06,7303971159026.21
2025-04-18,36216754420662.27,28904329571387.04,7312424849275.23
2025-04-21,36214577610342.96,28897595263583.41,7316982346759.55
2025-04-22,36215469660763.2,28885292677312.48,7330176983450.72
2025-04-23,36214749867321.42,28901934804636.8,7312815062684.62
2025-04-24,36216691721516.53,28886899281587.33,7329792439929.2
2025-04-25,36215973825751.09,28886705983824.0,7329267841927.09
2025-04-28,36213820164200.18,28880205893953.1,7333614270247.08
2025-04-29,36214714517960.73,28870044615160.41,7344669902800.32
2025-04-30,36213557195810.65,28852660949319.21,7360896246491.44
2025-05-01,36215576799286.87,28910031708449.29,7305545090837.58
2025-05-02,36214860183509.71,28913077198269.89,7301782985239.82
2025-05-05,36212710389147.45,28900702282928.55,7312008106218.9
2025-05-06,36213602874250.21,28888855819827.73,7324747054422.48
2025-05-07,36212886111158.26,28885833651968.1,7327052459190.16
2025-05-08,36214896100379.0,28879495109710.33,7335400990668.67
2025-05-09,36214181120572.57,28879730647251.1,7334450473321.47
2025-05-12,36212036164590.27,28873314691669.41,7338721472920.86
2025-05-13,36212978908050.01,28858866133930.92,7354112774119.09
2025-05-14,36212261421742.89,28883690101680.6,7328571320062.29
2025-05-15,36216429412019.81,28880432375776.61,7335997036243.2
2025-05-16,36215714628553.09,28877878941841.26,7337835686711.83
2025-05-19,36213570763720.98,28867568836311.34,7346001927409.64
2025-05-20,36214475432210.84,28855901031670.0,7358574400540.84
2025-05-21,36213761221110.82,28877912012097.42,7335849209013.4
2025-05-22,36215801485838.54,28875495146667.02,7340306339171.52
2025-05-23,36215088402345.87,28863100025246.62,7351988377099.25
2025-05-27,36213853751952.05,28856796025402.94,7357057726549.11
2025-05-28,36213141126266.06,28867570378120.42,7345570748145.64
2025-05-29,36215176317298.42,28871680706822.26,7343495610476.16
2025-05-30,36215818399936.85,28952461153000.13,7263357246936.72
2025-06-02,36214400664854.53,28956814642277.72,7257586022576.81
2025-06-03,36215207426690.65,28964890579889.1,7250316846801.55
2025-06-04,36214501400213.64,28953597578775.68,7260903821437.96
2025-06-05,36216389414480.21,28949058827202.6,7267330587277.61
2025-06-06,36215685263667.36,28947314928888.42,7268370334778.94
2025-06-09,36213572785415.03,28937734806745.08,7275837978669.95
2025-06-10,36214280590105.74,28925282868405.29,7288997721700.45
2025-06-11,36213581723797.07,28947461766728.03,7266119957069.04
2025-06-12,36217452092903.81,28944696357421.28,7272755735482.53
2025-06-13,36216756516461.68,28943677590027.96,7273078926433.72
2025-06-16,36214669844058.55,28907522231455.1,7307147612603.45
2025-06-17,36215397741847.76,28884822109662.55,7330575632185.21
2025-06-18,36214707136233.83,28905136181836.44,7309570954397.39
2025-06-20,36215873428835.86,28900785723043.42,7315087705792.44
2025-06-23,36213808426999.56,28890044591558.48,7323763835441.08
2025-06-24,36214553337753.25,28860859190127.59,7353694147625.66
2025-06-25,36213869568117.0,28888758862953.29,7325110705163.71
2025-06-26,36215806064740.36,28887012425608.74,7328793639131.62
2025-06-27,36215124313382.16,28886926501740.7,7328197811641.46
2025-06-30,36211469351821.31,28953496505343.54,7257972846477.77
2025-07-01,36214482241911.14,29015375786023.67,7199106455887.47
2025-07-02,36213797741182.4,29010089016490.07,7203708724692.33
2025-07-03,36215869297299.75,29030139887675.69,7185729409624.06
2025-07-07,36582313190019.76,29217069454544.59,7365243735475.17
2025-07-08,36625815401249.79,29246985005461.02,7378830395788.77
2025-07-09,36600645372974.92,29245895802163.13,7354749570811.79
2025-07-10,36595101611079.13,29237384936665.31,7357716674413.82
2025-07-11,36595800737387.36,29236040429582.1,7359760307805.26
2025-07-14,36598345542154.94,29235163076403.79,7363182465751.15
2025-07-15,36651611116545.83,29278468201107.89,7373142915437.94
2025-07-16,36627854976862.7,29279025456139.46,7348829520723.24
2025-07-17,36655280579113.61,29296842992143.18,7358437586970.43
2025-07-18,36653918652499.85,29296992044459.47,7356926608040.38
2025-07-21,36661693720250.59,29297584848407.38,7364108871843.21
2025-07-22,36711532407363.75,29332747751071.01,7378784656292.74
2025-07-23,36686937742311.5,29332905580399.32,7354032161912.18
2025-07-24,36721531033602.97,29361169407599.91,7360361626003.06
2025-07-25,36732899946782.52,29361462754830.93,7371437191951.59
2025-07-28,36734926076305.3,29361632076260.01,7373294000045.29
2025-07-29,36803837518918.21,29423243369055.06,7380594149863.15
2025-07-30,36802240561898.39,29422821531852.86,7379419030045.53
2025-07-31,36916987311998.03,29531340715980.52,7385646596017.51
2025-08-01,36826902934749.25,29522548953929.98,7304353980819.27
2025-08-04,36828164797914.31,29523300148538.85,7314864649375.46
2025-08-05,36930452345865.16,29601407493123.21,7329044852741.95
2025-08-06,36950459859111.56,29601946000343.28,7348513858768.28
2025-08-07,36996205967149.22,29642704925910.3,7353501041238.92
2025-08-08,36998491853555.08,29642973771492.29,7355518082062.79
2025-08-11,37004817625842.56,29643534539743.71,7361283086098.85
2025-08-12,37070422809316.32,29698694854602.48,7371727954713.84
2025-08-13,37045338077527.04,29698492660209.76,7346845417317.28
2025-08-14,37089430594354.58,29741150322937.1,7348280271417.48
2025-08-15,37137282641767.74,29771410762345.73,7365871879422.01
2025-08-18,37144076750410.16,29771882958785.37,7372193791624.79
2025-08-19,37208856314804.55,29818545456535.64,7390310858268.91
2025-08-20,37180190981823.32,29814986079837.2,7365204901986.12
2025-08-21,37232288662023.91,29860626144050.13,7371662517973.78
2025-08-22,37234066149278.96,29858032327748.39,7376033821530.57
2025-08-25,37254222904720.97,29858744380962.86,7395478523758.11
2025-08-26,37204886498253.39,29905784737041.34,7299101761212.05
2025-08-27,37283968901443.54,29904188921878.34,7379779979565.2
2025-08-28,37310153970210.76,29931514784077.08,7378639186133.68
2025-08-29,37274265917907.03,29968531307467.56,7305734610439.47
2025-09-02,37413538427516.19,30105889987086.45,7307648440429.74
2025-09-03,37412679963880.17,30106522172043.14,7306157791837.03
2025-09-04,37430128115822.76,30121675356508.43,7308452759314.33
2025-09-05,37433588261516.55,30121223541151.12,7312364720365.43
2025-09-08,37440609216979.63,30121188716571.55,7319420500408.08
2025-09-09,37473887187237.77,30141157463769.15,7332729723468.62
2025-09-10,37450743855028.23,30141501721759.29,7309242133268.94
2025-09-11,37470833295098.68,30156524547639.58,7314308747459.1
2025-09-12,37461799057660.24,30156635899566.9,7305163158093.34
2025-09-15,37533982585305.57,30235402349560.97,7298580235744.6
2025-09-16,37502758153725.95,30185858953772.6,7316899199953.35
2025-09-17,37492636705736.22,30185927497582.21,7306709208154.01
2025-09-18,37509824280685.29,30200452994946.0,7309371285739.29
2025-09-19,37505753023219.84,30197443850677.82,7308309172542.02
2025-09-22,37511743906522.52,30198287082014.0,7313456824508.52
2025-09-23,37469695592279.39,30143073922487.06,7326621669792.33
2025-09-24,37454537246248.71,30144752790618.94,7309784455629.77
2025-09-25,37467893078454.54,30155538367056.52,7312354711398.02
2025-09-26,37499704495767.33,30184180191221.72,7315524304545.61
2025-09-29,37506453566221.2,30183798697434.94,7322654868786.26
2025-09-30,37637553494935.61,30277766440770.58,7359787054165.03
2025-10-01,37864059502725.7,30275547632000.4,7588511870725.3
2025-10-02,37881842797107.39,30285435150302.49,7596407646804.9
2025-10-03,37852655815448.95,30283066232826.22,7569589582622.73
2025-10-06,37863241283552.57,30284583976614.4,7578657306938.17
2025-10-07,37889756572760.44,30302393668027.57,7587362904732.87
2025-10-08,37863837866592.0,30300449106850.14,7563388759741.86
2025-10-09,37883930412462.39,30315050520795.47,7568879891666.92
2025-10-10,37885436585424.63,30315775357225.49,7569661228199.14
2025-10-14,37918956045703.85,30344240501849.17,7574715543854.68
2025-10-15,37942635331189.62,30383102547724.69,7559532783464.93
2025-10-16,37966553856331.42,30406659067650.88,7559894788680.54
2025-10-17,37977305836407.32,30407496862775.24,7569808973632.08
2025-10-20,37980273670431.33,30407775576424.92,7572498094006.41
2025-10-21,38019813354700.26,30437767080384.89,7582046274315.37
2025-10-22,37990672926605.56,30439169276342.86,7551503650262.7
2025-10-23,38008137064951.61,30462505791396.93,7545631273554.68
2025-10-24,38009025959457.4,30462318457750.69,7546707501706.71
2025-10-27,38042191742752.61,30463894199662.03,7578297543090.58
2025-10-28,38076934220531.56,30490669166603.18,7586265053928.38
2025-10-29,38078544144158.23,30490067642291.03,7588476501867.2
2025-10-30,38108930250279.0,30516171709909.29,7592758540369.71
2025-10-31,38040093786521.02,30570708483009.12,7469385303511.9
2025-11-03,38004366480104.18,30567833810363.02,7436532669741.16
2025-11-04,38047239753103.02,30588445700448.4,7458794052654.62
2025-11-05,38091526352867.96,30589653976794.86,7501872376073.1
2025-11-06,38118268221748.03,30610666797441.52,7507601424306.51
2025-11-07,38117224885993.65,30611508844516.16,7505716041477.49
2025-11-10,38125731687631.03,30613346931589.27,7512384756041.76
2025-11-12,38121217149187.64,30629115020089.01,7492102129098.63
2025-11-13,38150716416656.92,30653919436694.72,7496796979962.2
2025-11-14,38153732193790.0,30654607353084.03,7499124840705.97
2025-11-17,38181184806486.51,30675159827981.92,7506024978504.59
2025-11-18,38265355580035.02,30690574250262.63,7574781329772.39
2025-11-19,38299373085978.18,30687812251917.3,7611560834060.88
2025-11-20,38326967559564.53,30707975239396.64,7618992320167.89
2025-11-21,38333530047031.29,30706639126551.86,7626890920479.43
2025-11-24,38336291718985.39,30706241277353.57,7630050441631.82
2025-11-25,38360841844745.79,30722912264691.05,7637929580054.74
2025-11-26,38335267983846.11,30720877603388.67,7614390380457.44
2025-11-28,38396211497613.65,30774117238206.31,7622094259407.34
2025-12-01,38425673178874.63,30853068463300.35,7572604715574.28
2025-12-02,38423764679404.02,30843863156002.45,7579901523401.57
2025-12-03,38403532042006.28,30843637085897.3,7559894956108.98
2025-12-04,38389369875885.1,30824381406045.22,7564988469839.88
2025-12-05,38390532833611.7,30822518818972.69,7568014014639.01
2025-12-08,38395956139411.28,30822913626328.95,7573042513082.33
2025-12-09,38377110471869.66,30793663184220.67,7583447287648.99
2025-12-10,38352200418068.14,30793542262019.16,7558658156048.98
2025-12-11,38349795034550.24,30787372595984.82,7562422438565.42
2025-12-12,38339541810902.33,30774528464721.58,7565013346180.75
2025-12-15,38419380255240.59,30852855298143.76,7566524957096.83
2025-12-16,38396179577012.1,30816834775843.42,7579344801168.68
2025-12-17,38378996619785.02,30816952898858.15,7562043720926.87
2025-12-18,38375371484790.79,30807754246644.19,7567617238146.6
2025-12-19,38372869364189.14,30804983565149.29,7567885799039.85
2025-12-22,38378413234316.13,30804343347355.44,7574069886960.69
2025-12-23,38375349596930.58,30765540678107.58,7609808918823.0
2025-12-24,38352846701813.17,30767152990652.2,7585693711160.97
2025-12-26,38380536147996.03,30789162165471.37,7591373982524.66
2025-12-29,38386384190622.68,30788927240091.41,7597456950531.27
2025-12-30,38372153717621.09,30758836564019.29,7613317153601.8
2025-12-31,38514009184232.72,30846716536213.26,7667292648019.46
2026-01-02,38422818570606.72,30830898741274.12,7591919829332.6
2026-01-05,38441088237227.94,30829627778734.9,7611460458493.04
2026-01-06,38430410089259.84,30809021616341.38,7621388472918.46
2026-01-07,38432287507801.52,30810025746721.36,7622261761080.16
2026-01-08,38432587259757.29,30806172192100.19,7626415067657.1
2026-01-09,38433330126292.37,30803872985803.55,7629457140488.82
2026-01-12,38437700892419.68,30802877100962.48,7634823791457.2
2026-01-13,38433852753680.03,30786665721842.47,7647187031837.56
2026-01-14,38396062667874.39,30787151283904.07,7608911383970.32
2026-01-15,38453108492348.67,30811929736380.71,7641178755967.96
2026-01-16,38460239071716.76,30811997567291.18,7648241504425.58
2026-01-20,38484705102395.33,30824259874597.25,7660445227798.08
2026-01-21,38473375474319.0,30825455797755.52,7647919676563.48
2026-01-22,38490798138585.9,30841780130036.3,7649018008549.6
2026-01-23,38491020558407.85,30839033479994.45,7651987078413.4
2026-01-26,38513523578580.59,30839469782091.59,7674053796489.0
2026-01-27,38567114207655.7,30878428226102.52,7688685981553.18
2026-01-28,38542542471886.84,30876617956619.42,7665924515267.42
2026-01-29,38568501122811.36,30898303196814.87,7670197925996.49
2026-01-30,38521368112341.66,30919122670062.31,7602245442279.35
2026-02-02,38515650269880.94,30915426727781.28,7600223542099.66
2026-02-03,38564278020214.6,30957184531162.23,7607093489052.37
2026-02-04,38564513699490.46,30956315394310.42,7608198305180.04
2026-02-05,38587617094083.77,30974189194630.76,7613427899453.01
2026-02-06,38588547251497.72,30969650188685.63,7618897062812.09
2026-02-09,38593206197018.13,30969105519646.32,7624100677371.81
2026-02-10,38645729764967.98,31010830716181.61,7634899048786.37
2026-02-11,38620772876638.5,31009198594125.31,7611574282513.19
2026-02-12,38647755796057.39,31032365231612.7,7615390564444.69
2026-02-13,38647355475525.93,31031921227566.66,7615434247959.27
2026-02-17,38720327822350.87,31087884326300.86,7632443496050.01
2026-02-18,38717487211821.37,31088483280078.6,7629003931742.77
2026-02-19,38743577500254.48,31112549990945.54,7631027509308.94
2026-02-20,38749020004219.3,31113584300966.47,7635435703252.83
2026-02-23,38758072042435.6,31113461801511.79,7644610240923.81
2026-02-24,38787781432126.22,31129399758399.04,7658381673727.18
2026-02-25,38764882203837.59,31126463055912.55,7638419147925.04
2026-02-26,38789591923403.59,31149029033685.39,7640562889718.2
2026-02-27,38769805982273.81,31186965290815.89,7582840691457.92
2026-03-02,38824463573452.26,31244382920777.66,7580080652674.6
2026-03-03,38853352399880.18,31268820109081.36,7584532290798.82
2026-03-04,38857671304563.85,31271271922985.85,7586399381578.0
2026-03-05,38873529611754.22,31281694069404.27,7591835542349.95
2026-03-06,38869818249468.38,31280012029379.25,7589806220089.13
2026-03-09,38882801672400.64,31280623244306.89,7602178428093.75
2026-03-10,38918862057676.91,31298790579980.06,7620071477696.85
2026-03-11,38882422422396.88,31285946384224.81,7596476038172.07
2026-03-12,38900879040970.8,31300175076619.99,7600703964350.81
2026-03-13,38902637810572.47,31300165451609.92,7602472358962.55
2026-03-16,38992187847500.92,31381345411579.55,7610842435921.37
2026-03-17,39016762910245.14,31379706593178.71,7637056317066.43
2026-03-18,38976827976841.63,31364647874667.34,7612180102174.29
2026-03-19,39002265870014.23,31385414419029.53,7616851450984.7
2026-03-20,39002071364584.97,31384605282290.22,7617466082294.75
2026-03-23,39006945786204.79,31385566969958.4,7621378816246.39
2026-03-24,38999855700424.49,31362014213440.21,7637841486984.28
2026-03-25,38990599081861.7,31363230287736.49,7627368794125.21
2026-03-26,38990389667489.38,31361115540758.11,7629274126731.27
2026-03-27,39015632027421.67,31388492802178.27,7627139225243.4
2026-03-30,39023028185485.25,31385929126772.9,7637099058712.35
2026-03-31,39065421393640.82,31431182280136.26,7634239113504.56
2026-04-01,39016191534959.54,31431328591198.51,7584862943761.03
2026-04-02,39000264506637.0,31409363156320.44,7590901350316.56
2026-04-03,38981755126540.77,31409491869379.24,7572263257161.53
2026-04-06,38994100716395.0,31413833699845.38,7580267016549.62
2026-04-07,38969941867504.03,31371921154820.79,7598020712683.24
2026-04-08,38949925615242.17,31373299420088.83,7576626195153.34
2026-04-09,38942790613086.55,31364679558344.11,7578111054742.44
2026-04-10,38946541987812.28,31363210882603.11,7583331105209.17
2026-04-13,38954924765330.86,31364172953118.05,7590751812212.81
2026-04-14,38933404100463.29,31327076933755.06,7606327166708.23
2026-04-15,38988471242937.32,31374528030445.6,7613943212491.72
2026-04-16,38985997093766.37,31359379088304.58,7626618005461.79
2026-04-17,38979318629209.68,31344221423413.6,7635097205796.08
2026-04-20,38992782604302.01,31343959370344.72,7648823233957.29
2026-04-21,38979261041490.82,31317297210883.89,7661963830606.93
2026-04-22,38957839768374.44,31318022210274.8,7639817558099.64
2026-04-23,38935486920284.75,31289249969317.98,7646236950966.77
2026-04-24,38953670272769.58,31289224791422.95,7664445481346.63
2026-04-27,38960955558731.97,31289756388875.06,7671199169856.91
2026-04-28,38951791901141.8,31266604928934.45,7685186972207.35
2026-04-29,38952075248701.65,31264482575337.52,7687592673364.13
2026-04-30,38967833861543.11,31272489865435.88,7695343996107.23
2026-05-01,38882147615630.53,31271957838023.21,7610189777607.32
2026-05-04,38905034125404.78,31274803442683.56,7630230682721.22
2026-05-05,38910619550278.1,31261787439569.55,7648832110708.55
2026-05-06,38918837926582.9,31263383766000.16,7655454160582.74
2026-05-07,38931651718802.09,31262325604447.63,7669326114354.46
2026-05-08,38937475342585.8,31260345834577.53,7677129508008.27
2026-05-11,38946800561409.14,31262108319021.06,7684692242388.08
2026-05-12,38968295059805.35,31268302404373.3,7699992655432.05
2026-05-13,38942623681847.68,31269241615132.64,7673382066715.04
2026-05-14,38954466670318.2,31277752122232.96,7676714548085.24
2026-05-15,38997244508055.09,31315583263208.62,7681661244846.47
2026-05-18,39008999901378.68,31317917051386.19,7691082849992.49
2026-05-19,39070752626994.13,31359065157830.45,7711687469163.68
2026-05-20,39049639932662.87,31358949739922.2,7690690192740.67
2026-05-21,39071200457366.45,31374788661132.13,7696411796234.32
2026-05-22,39112192265187.75,31400817772622.92,7711374492564.83
2026-05-26,39171154946667.59,31447423137771.69,7723731808895.9
2026-05-27,39163302863182.1,31450452898651.64,7712849964530.46
2026-05-28,39176301795549.4,31466045143781.76,7710256651767.64
2026-05-29,39207759598302.62,31515369798622.98,7692389799679.64
2026-06-01,39195502287422.08,31581373375160.92,7614128912261.16
2026-06-02,39221984586285.3,31597886394124.88,7624098192160.42
2026-06-03,39204974715248.65,31599703500408.55,7605271214840.1
2026-06-04,39232150577283.87,31610718934247.54,7621431643036.33
2026-06-05,39219582387346.71,31597881328951.17,7621701058395.54
2026-06-08,39230385715009.09,31600133143674.75,7630252571334.34
2026-06-09,39241722848798.66,31595464942057.47,7646257906741.19
2026-06-10,39213266279741.16,31592369611735.25,7620896668005.91
2026-06-11,39220785117318.68,31594717601039.83,7626067516278.85
2026-06-12,39209984063577.76,31582353473994.95,7627630589582.81
2026-06-15,39293074039354.64,31662560557978.68,7630513481375.96
2026-06-16,39289865167568.98,31642663562697.08,7647201604871.9
2026-06-17,39283052266270.91,31643344541986.99,7639707724283.92
2026-06-18,39305293944733.24,31613484231007.52,7691809713725.72
2026-06-22,39323731819938.67,31625610531064.27,7698121288874.4
2026-06-23,39320607875889.32,31606133955273.55,7714473920615.77
2026-06-24,39320508743100.4,31606937181849.92,7713571561250.48
2026-06-25,39311022730162.44,31594497290975.03,7716525439187.41
2026-06-26,39337503706976.53,31620872393262.4,7716631313714.13
2026-06-29,39345340787969.72,31621329805348.19,7724010982621.53
2026-06-30,39462398380774.37,31681308373695.03,7781090007079.34
2026-07-01,39389304788902.6,31677634703147.37,7711670085755.23
2026-07-02,39375254020492.22,31678903447798.93,7696350572693.29
2026-07-03,39375989952866.26,31676896645959.71,7699093306906.55
2026-07-06,39387881222485.61,31680155395885.35,7707725826600.26
2026-07-07,39414977491738.78,31696800244689.86,7718177247048.92
2026-07-08,39394977645639.05,31695882336712.26,7699095308926.79
2026-07-09,39414179016130.09,31709399350223.4,7704779665906.69
2026-07-10,39412981341965.62,31707316963764.64,7705664378200.98
2026-07-13,39417905469064.21,31707770448042.27,7710135021021.94
2026-07-14,39470152218599.01,31751114853068.9,7719037365530.11
2026-07-15,39488616467668.43,31793476990367.91,7695139477300.52
2026-07-16,39518859758919.12,31818450437358.76,7700409321560.36
2026-07-17,39581848442144.38,31816915417245.04,7764933024899.34
2026-07-20,39588242618845.71,31817640840048.45,7770601778797.26
2026-07-21,39660369665133.47,31874795478548.56,7785574186584.91
2026-07-22,39635799057233.84,31874681300216.33,7761117757017.51
2026-07-23,39676938407949.77,31911919221141.67,7765019186808.1
2026-07-24,39692374867364.99,31922906015670.09,7769468851694.9
2026-07-27,39713964053447.11,31923702843165.38,7790261210281.73
2026-07-28,39797152899275.21,31995278756120.16,7801874143155.05
2026-07-29,39799618642771.12,31994676087491.92,7804942555279.2
2026-07-30,39841114561022.68,32035731397438.63,7805383163584.05
2026-07-31,39771617162466.97,32045863694464.3,7725753468002.67
2026-08-03,39739223157130.73,32038115995948.67,7701107161182.06
2026-08-04,39828435390891.55,32100703256953.12,7727732133938.43
2026-08-05,39829652708623.61,32101179235743.02,7728473472880.59
2026-08-06,39890263441627.83,32148910864804.21,7741352576823.62
2026-08-07,39885247772395.56,32144621002644.97,7740626769750.59
2026-08-10,39891773994021.93,32143066242802.75,7748707751219.18
2026-08-11,39941929832070.77,32182460756111.37,7759469075959.4
2026-08-12,39913529319464.71,32180112234304.32,7733417085160.39
2026-08-13,39934816207844.37,32200971487306.14,7733844720538.23
2026-08-14,39933634466112.78,32200393497585.51,7733240968527.27
2026-08-17,39986657878071.92,32227199001687.3,7759458876384.62
2026-08-18,40047425768420.22,32265798542898.08,7781627225522.14
2026-08-19,40012700535679.44,32263508863255.09,7749191672424.35
2026-08-20,40033256786764.37,32278964736853.4,7754292049910.97
2026-08-21,40032876505819.31,32276141923440.99,7756734582378.32
2026-08-24,40035385103646.14,32274806592449.5,7760578511196.64
2026-08-25,40098864155027.57,32307785364850.31,7791078790177.26
2026-08-26,40069751423220.72,32305769839476.37,7763981583744.35
2026-08-27,40077529831942.94,32313802811901.63,7763727020041.31
2026-08-28,40104097482666.58,32340688588401.83,7763408894264.75
2026-08-31,40175641071634.14,32414988847175.22,7760652224458.92
2026-09-01,40112464593206.3,32420529452197.11,7691935141009.19
2026-09-02,40117045127072.57,32421027120428.18,7696018006644.39
2026-09-03,40102964278586.1,32423635247198.78,7679329031387.32
2026-09-04,40094590636301.7,32410785543623.23,7683805092678.47
2026-09-08,40084090785446.35,32387921094746.81,7696169690699.54
2026-09-09,40074284925786.5,32388611390871.8,7685673534914.7
